;;;; 5.825 ;; 64.236 ; 27.989 ; 36.247 ; 163.552 ;;; -   ;;;; 65.139 ;;;;;;; 91.305 ;;;;;;; 117.252 ;;;;;;; 138.994 ;;;;;;; 163.552 ;;;;
;;;;Meta;Linha;Estoque;Pedidos;Saldo;Saldo Final;;;APONTAMENTO;;02/mai;Pedidos Semana 14;Saldo;05/mai;06/mai;07/mai;08/mai;09/mai;Pedidos Semana 15;Saldo;12/mai;13/mai;14/mai;15/mai;16/mai;Pedidos Semana 16;Saldo;19/mai;20/mai;21/mai;22/mai;23/mai;Pedidos Semana 17;Saldo;26/mai;27/mai;28/mai;29/mai;30/mai;Pedidos Semana 18;Saldo;;Previsão Produção;;
Maio;cálculo de % estoque bikes Nathor;;; 3.300 ;Aro 12; 12.086 ; 20.267 ;-8.181 ; 65.319 ;;; -   ; -   ; 3.500 ; 2.594 ; 12.992 ; 3.500 ; 3.500 ; 3.500 ; 3.500 ; 3.500 ; 3.715 ; 26.777 ; 3.500 ; 3.500 ; 3.500 ; 3.500 ; 3.500 ; 3.352 ; 40.925 ; 3.500 ; 3.500 ; 3.500 ; 3.500 ; 3.500 ; 6.552 ; 51.873 ; 3.500 ; 3.500 ; 3.500 ; 3.500 ; 3.500 ; 4.054 ; 65.319 ;; 73.500 ;;
Aro 12; 46.915 ;;; 100 ;Aro 14; 3.777 ; 304 ; 3.473 ; 5.573 ;;; -   ; -   ; 100 ; -   ; 3.877 ; 100 ; 100 ; 100 ; 100 ; 100 ; -   ; 4.377 ; 100 ; 100 ; 100 ; 100 ; 100 ; 2 ; 4.875 ; 100 ; 100 ; 100 ; 100 ; 100 ; 302 ; 5.073 ; 100 ; 100 ; 100 ; 100 ; 100 ; -   ; 5.573 ;; 2.100 ;;
Aro 14; 5.486 ;;; 660 ;Aro 16; 15.114 ; 3.372 ; 11.742 ; 25.602 ;;; -   ; -   ; 660 ; 1.898 ; 13.876 ; 660 ; 660 ; 660 ; 660 ; 660 ; 125 ; 17.051 ; 660 ; 660 ; 660 ; 660 ; 660 ; 431 ; 19.920 ; 660 ; 660 ; 660 ; 660 ; 660 ; 722 ; 22.498 ; 660 ; 660 ; 660 ; 660 ; 660 ; 196 ; 25.602 ;; 13.860 ;;
Aro 16; 22.505 ;;; 200 ;Aro 20; 1.870 ; 1.286 ; 584 ; 4.584 ;;; -   ; -   ; 200 ; 614 ; 1.456 ; 200 ; 200 ; 200 ; 200 ; 200 ; 37 ; 2.419 ; 200 ; 200 ; 200 ; 200 ; 200 ; 246 ; 3.173 ; 150 ; 150 ; 150 ; 150 ; 200 ; 363 ; 3.610 ; 200 ; 200 ; 200 ; 200 ; 200 ; 26 ; 4.584 ;; 4.000 ;;
Aro 20; 4.593 ;;; -   ;Aro 24; -   ; -   ; -   ; -   ;;; -   ; -   ; -   ; -   ; -   ; -   ; -   ; -   ; -   ; -   ; -   ; -   ; -   ; -   ; -   ; -   ; -   ; -   ; -   ; -   ; -   ; -   ; -   ; -   ; -   ; -   ; -   ; -   ; -   ; -   ; -   ; -   ; -   ;; -   ;;
Aro 24; 59 ;;; 5 ;Aro 26; 12 ; 3 ; 9 ; 94 ;;; -   ; -   ; -   ; -   ; 12 ; -   ; -   ; -   ; 5 ; 5 ; -   ; 22 ; 5 ; 5 ; 5 ; 5 ; 5 ; -   ; 47 ; 5 ; 5 ; 5 ; 5 ; 5 ; -   ; 72 ; 5 ; 5 ; 5 ; 5 ; 5 ; 3 ; 94 ;; 85 ;;
Aro 26; 94 ;;; -   ;Aro 29; -   ; -   ; -   ; -   ;;; -   ; -   ; -   ; -   ; -   ; -   ; -   ; -   ; -   ; -   ; -   ; -   ; -   ; -   ; -   ; -   ; -   ; -   ; -   ; -   ; -   ; -   ; -   ; -   ; -   ; -   ; -   ; -   ; -   ; -   ; -   ; -   ; -   ;; -   ;;
Balance; 27.517 ;;; 650 ;Balance; 20.119 ; 1.038 ; 19.081 ; 32.831 ;;; -   ; -   ; 675 ; 20 ; 20.774 ; 675 ; 675 ; 675 ; 650 ; 650 ; 21 ; 24.078 ; 650 ; 650 ; 650 ; 650 ; 650 ; 10 ; 27.318 ; 650 ; 650 ; 650 ; 650 ; 650 ; 31 ; 30.537 ; 650 ; 650 ; 650 ; 650 ; 650 ; 956 ; 32.831 ;; 13.750 ;;
Triciclo; 26.915 ;;; 60 ;Capacete; 673 ; 201 ; 472 ; 2.632 ;;; -   ; -   ; 120 ; 16 ; 777 ; 120 ; 120 ; 120 ; 120 ; 120 ; 100 ; 1.277 ; 120 ; 120 ; 120 ; 120 ; 120 ; 16 ; 1.861 ; 120 ; 120 ; 120 ; 120 ; 120 ; 69 ; 2.392 ; 120 ; 120 ; -   ; -   ; -   ; -   ; 2.632 ;; 2.160 ;;
Capacete; 2.732 ;;; 850 ;Triciclo; 10.585 ; 1.518 ; 9.067 ; 26.917 ;;; -   ; -   ; 850 ; 60 ; 11.375 ; 850 ; 850 ; 850 ; 850 ; 850 ; 321 ; 15.304 ; 850 ; 850 ; 850 ; 850 ; 850 ; 421 ; 19.133 ; 850 ; 850 ; 850 ; 850 ; 850 ; 444 ; 22.939 ; 850 ; 850 ; 850 ; 850 ; 850 ; 272 ; 26.917 ;; 17.850 ;;
;;;;;; 64.236 ; 27.989 ; 36.247 ; 163.552 ;;;;;;; 65.139 ;;;;;;; 91.305 ;;;;;;; 117.252 ;;;;;;; 138.994 ;;;;;;; 163.552 ;;;;
Linha;Descricao Familia;Codigo Produto;Compl. 1;Compl. 2;Descricao Produto;Estoque;Pedidos;Saldo; Saldo Final ;%historico;%real;APONTAMENTO;;02/mai;Pedidos Semana 14;Saldo;05/mai;06/mai;07/mai;08/mai;09/mai;Pedidos Semana 15;Saldo;12/mai;13/mai;14/mai;15/mai;16/mai;Pedidos Semana 16;Saldo;19/mai;20/mai;21/mai;22/mai;23/mai;Pedidos Semana 17;Saldo;26/mai;27/mai;28/mai;29/mai;30/mai;Pedidos Semana 18;Saldo;;Previsão Produção;;
Aro 12;BICICLETA NATHOR ARO 12;100010160051; ; ;BICICLETA ARO 12 ANTONELLA BABY ROSA 02;0; -   ; -   ; -   ;;0,00%;;;; -   ; -   ;;;;;; -   ; -   ;;;;;; -   ; -   ;;;;;; -   ; -   ;;;;;; -   ; -   ; -   ;0;0;
Aro 12;BICICLETA NATHOR ARO 12;100010160026;;;BICICLETA ARO 12 AQUA 2;0; -   ; -   ; -   ;;0,00%;;;; -   ; -   ;;;;;; -   ; -   ;;;;;; -   ; -   ;;;;;; -   ; -   ;;;;;; -   ; -   ; -   ;0;0;
Aro 12;BICICLETA ABSOLUTE ARO 12;100780160000;;;BICICLETA ARO 12 ABSOLUTE KIDS DINO;0; -   ; -   ; -   ;;0,00%;;;; -   ; -   ;;;;;; -   ; -   ;;;;;; -   ; -   ;;;;;; -   ; -   ;;;;;; -   ; -   ; -   ;0;0;
Aro 12;BICICLETA ABSOLUTE ARO 12;100780160001;;;BICICLETA ARO 12 ABSOLUTE KIDS UNIC;0; -   ; -   ; -   ;;;;;; -   ; -   ;;;;;; -   ; -   ;;;;;; -   ; -   ;;;;;; -   ; -   ;;;;;; -   ; -   ; -   ;0;0;
Aro 12;BICICLETA ABSOLUTE ARO 12;100780160002;;;BICICLETA ARO 12 ABSOLUTE KIDS TUBA;0; -   ; -   ; -   ;;;;;; -   ; -   ;;;;;; -   ; -   ;;;;;; -   ; -   ;;;;;; -   ; -   ;;;;;; -   ; -   ; -   ;0;0;
Aro 12;BICICLETA ABSOLUTE ARO 12;100780160003;;;BICICLETA ARO 12 ABSOLUTE KIDS PRINC;0; -   ; -   ; -   ;;;;;; -   ; -   ;;;;;; -   ; -   ;;;;;; -   ; -   ;;;;;; -   ; -   ;;;;;; -   ; -   ; -   ;0;0;
Aro 12;;100690160001;;;BICICLETA ARO 12 ALEGRIA;0; -   ; -   ; -   ;;;;;; -   ; -   ;;;;;; -   ; -   ;;;;;; -   ; -   ;;;;;; -   ; -   ;;;;;; -   ; -   ; -   ;0;0;
Aro 12;;101350160000;;;BICICLETA ARO 12 BARBIE;3840; 154 ; 3.686 ; 3.686 ;;7,86%;;;; 2 ; 3.838 ;;;;;; 25 ; 3.813 ;;;;;; 3 ; 3.810 ;;;;;; 44 ; 3.766 ;;;;;; 80 ; 3.686 ; -   ;0;0;
Aro 12;BICICLETA NATHOR ARO 12;100010160035; ; ;BICICLETA ARO 12 BLACK 12 4;686; 2.855 ;-2.169 ; 7.081 ;15,12%;15,09%;;;; 505 ; 181 ;;;;;; 628 ;-447 ;;;;;; 205 ;-652 ;3500;2250;;;; 1.219 ; 3.879 ;;;;;3500; 298 ; 7.081 ; -   ;9250;13200;
Aro 12;BICICLETA NATHOR ARO 12;100010160039; ; ;BICICLETA ARO 12 CAT 01 SELIM PU;-373; 971 ;-1.344 ; 2.156 ;4,63%;4,60%;;;3500; 6 ; 3.121 ;;;;;; 18 ; 3.103 ;;;;;; 329 ; 2.774 ;;;;;; 200 ; 2.574 ;;;;;; 418 ; 2.156 ; -   ;3500;3300;
Aro 12;BICICLETA CALOI ARO 12;100150160020;;;BICICLETA ARO 12 CECIZINHA 2023;1327; 105 ; 1.222 ; 1.222 ;0,88%;2,60%;;;; -   ; 1.327 ;;;;;; 35 ; 1.292 ;;;;;; -   ; 1.292 ;;;;;; 2 ; 1.290 ;;;;;; 68 ; 1.222 ; -   ;0;0;
Aro 12;BICICLETA NATHOR ARO 12;100010160050; ; ;BICICLETA ARO 12 CHARM;460; 667 ;-207 ; 2.043 ;5,35%;4,35%;;;; 3 ; 457 ;;;;;; 185 ; 272 ;;;;;; 74 ; 198 ;;;;;2250; 205 ; 2.243 ;;;;;; 200 ; 2.043 ; -   ;2250;3300;
Aro 12;BICICLETA WCA ARO 12;100730160001;;;BICICLETA ARO 12 DINOSSAURO;0; -   ; -   ; -   ;;;;;; -   ; -   ;;;;;; -   ; -   ;;;;;; -   ; -   ;;;;;; -   ; -   ;;;;;; -   ; -   ; -   ;0;0;
Aro 12;BICICLETA CICLO CAIRU ARO 12;100170160014;;;BICICLETA ARO 12 FEMININA LILLY 03;0; -   ; -   ; -   ;;;;;; -   ; -   ;;;;;; -   ; -   ;;;;;; -   ; -   ;;;;;; -   ; -   ;;;;;; -   ; -   ; -   ;0;0;
Aro 12;BICICLETA CICLO CAIRU ARO 12;100170160010; ; ;BICICLETA ARO 12 FEMININA VIOLETA 02;0; -   ; -   ; -   ;;;;;; -   ; -   ;;;;;; -   ; -   ;;;;;; -   ; -   ;;;;;; -   ; -   ;;;;;; -   ; -   ; -   ;0;0;
Aro 12;BICICLETA NATHOR ARO 12;100010160036; ; ;BICICLETA ARO 12 FIRE MAN 10;2; -   ; 2 ; 2 ;9,78%;0,00%;;;; -   ; 2 ;;;;;; -   ; 2 ;;;;;; -   ; 2 ;;;;;; -   ; 2 ;;;;;; -   ; 2 ; -   ;0;0;
Aro 12;BICICLETA NATHOR ARO 12;100010160054;;;BICICLETA ARO 12 FIRE MAN 11;2376; 1.374 ; 1.002 ; 4.502 ;9,78%;9,60%;;;; 240 ; 2.136 ;;;;;; 329 ; 1.807 ;;;;;; 204 ; 1.603 ;;;;;; 387 ; 1.216 ;;;;3500;; 214 ; 4.502 ;;3500;6600;
Aro 12;BICICLETA NATHOR ARO 12;100010160038; ; ;BICICLETA ARO 12 FLOWER 11;34; 4.418 ;-4.384 ; 9.616 ;22,65%;20,50%;;;; 1.768 ;-1.734 ;;;;;3500; 629 ; 1.137 ;3500;;;;; 772 ; 3.865 ;;;;;; 535 ; 3.330 ;;3500;3500;;; 714 ; 9.616 ; -   ;14000;13200;
Aro 12;;;;;BICICLETA ARO 12 GTS FEMININA;0; -   ; -   ; -   ;;0,00%;;;; -   ; -   ;;;;;; -   ; -   ;;;;;; -   ; -   ;;;;;; -   ; -   ;;;;;; -   ; -   ; -   ;0;0;
Aro 12;;;;;BICICLETA ARO 12 GTS MASCULINA;0; -   ; -   ; -   ;;0,00%;;;; -   ; -   ;;;;;; -   ; -   ;;;;;; -   ; -   ;;;;;; -   ; -   ;;;;;; -   ; -   ; -   ;0;0;
Aro 12;BICICLETA DISNEY ARO 12;101350160001;;;BICICLETA ARO 12 HOT WHEELS;716; 172 ; 544 ; 4.044 ;;8,62%;;;; 3 ; 713 ;;;;;; 25 ; 688 ;;;;;; 9 ; 679 ;;;3500;;; 47 ; 4.132 ;;;;;; 88 ; 4.044 ; -   ;3500;0;
Aro 12;;;;;BICICLETA ARO 12 INFANTI PT/VERDE;0; -   ; -   ; 1.250 ;;;;;; -   ; -   ;;;;;; -   ; -   ;;;;;; -   ; -   ;;1250;;;; -   ; 1.250 ;;;;;; -   ; 1.250 ; -   ;1250;0;
Aro 12;;;;;BICICLETA ARO 12 INFANTI ROSA CLARO;0; -   ; -   ; 1.250 ;;;;;; -   ; -   ;;;;;; -   ; -   ;;;;;; -   ; -   ;;;;;1250; -   ; 1.250 ;;;;;; -   ; 1.250 ; -   ;1250;0;
Aro 12;BICICLETA NATHOR ARO 12;100720160000;;;BICICLETA ARO 12 KIKO E KIKA FEMININA;0; -   ; -   ; -   ;;;;;; -   ; -   ;;;;;; -   ; -   ;;;;;; -   ; -   ;;;;;; -   ; -   ;;;;;; -   ; -   ; -   ;0;0;
Aro 12;BICICLETA KIKO E KIKA ARO 12;100720160001;;;BICICLETA ARO 12 KIKO E KIKA MASCULINA;0; -   ; -   ; -   ;;;;;; -   ; -   ;;;;;; -   ; -   ;;;;;; -   ; -   ;;;;;; -   ; -   ;;;;;; -   ; -   ; -   ;0;0;
Aro 12;BICICLETA CICLO CAIRU ARO 12;100170160016;;;BICICLETA ARO 12 MASCULINA BIG BOY 03;0; -   ; -   ; -   ;;;;;; -   ; -   ;;;;;; -   ; -   ;;;;;; -   ; -   ;;;;;; -   ; -   ;;;;;; -   ; -   ; -   ;0;0;
Aro 12;BICICLETA CICLO CAIRU ARO 12;100170160017; ; ;BICICLETA ARO 12 MASCULINA LION 03;0; -   ; -   ; -   ;;;;;; -   ; -   ;;;;;; -   ; -   ;;;;;; -   ; -   ;;;;;; -   ; -   ;;;;;; -   ; -   ; -   ;0;0;
Aro 12;BICICLETA CICLO CAIRU ARO 12;100170160018;;;BICICLETA ARO 12 MASCULINA WATER MAN 03;0; -   ; -   ; -   ;;;;;; -   ; -   ;;;;;; -   ; -   ;;;;;; -   ; -   ;;;;;; -   ; -   ;;;;;; -   ; -   ; -   ;0;0;
Aro 12;BICICLETA NATHOR ARO 12;100010160047; ; ;BICICLETA ARO 12 MECHANIC;736; 1.191 ;-455 ; 3.045 ;5,37%;6,49%;;;; 4 ; 732 ;;;;;; 397 ; 335 ;;;3500;;; 243 ; 3.592 ;;;;;; 333 ; 3.259 ;;;;;; 214 ; 3.045 ; -   ;3500;3300;
Aro 12;BICICLETA DISNEY ARO 12;101260160002;;;BICICLETA ARO 12 MICKEY;71; 299 ;-228 ; 3.272 ;2,16%;6,97%;;;; 5 ; 66 ;;;;;; 60 ; 6 ;;;;3500;; 9 ; 3.497 ;;;;;; 57 ; 3.440 ;;;;;; 168 ; 3.272 ; -   ;3500;0;
Aro 12;BICICLETA DISNEY ARO 12;;;;BICICLETA ARO 12 MINNIE;1314; 140 ; 1.174 ; 4.674 ;;9,96%;;;; 1 ; 1.313 ;;;;;; 11 ; 1.302 ;;;;;3500; 3 ; 4.799 ;;;;;; 25 ; 4.774 ;;;;;; 100 ; 4.674 ; -   ;3500;0;
Aro 12;BICICLETA MILANO ARO 12;101270160000;;;BICICLETA ARO 12 MILANO BELLA;0; -   ; -   ; -   ;;;;;; -   ; -   ;;;;;; -   ; -   ;;;;;; -   ; -   ;;;;;; -   ; -   ;;;;;; -   ; -   ; -   ;0;0;
Aro 12;BICICLETA MILANO ARO 12;101270160001;;;BICICLETA ARO 12 MILANO NINO AZUL;0; -   ; -   ; -   ;;;;;; -   ; -   ;;;;;; -   ; -   ;;;;;; -   ; -   ;;;;;; -   ; -   ;;;;;; -   ; -   ; -   ;0;0;
Aro 12;BICICLETA MILANO ARO 12;101270160002;;;BICICLETA ARO 12 MILANO NINO VERMELHA;0; -   ; -   ; -   ;;;;;; -   ; -   ;;;;;; -   ; -   ;;;;;; -   ; -   ;;;;;; -   ; -   ;;;;;; -   ; -   ; -   ;0;0;
Aro 12;BICICLETA NATHOR ARO 12;100010160048; ; ;BICICLETA ARO 12 MOTOR X;687; 297 ; 390 ; 390 ;3,00%;0,83%;;;; 7 ; 680 ;;;;;; 8 ; 672 ;;;;;; 66 ; 606 ;;;;;; 82 ; 524 ;;;;;; 134 ; 390 ; -   ;0;3300;
Aro 12;BICICLETA MILANO ARO 13;;;;BICICLETA ARO 12 PET'S;0; -   ; -   ; 3.500 ;;7,46%;;;; -   ; -   ;;;;;; -   ; -   ;;;;;; -   ; -   ;;;;3500;; -   ; 3.500 ;;;;;; -   ; 3.500 ; -   ;3500;0;
Aro 12;BICICLETA CALOI ARO 12;100150160021;;;BICICLETA ARO 12 POWER REX 2023;1603; 57 ; 1.546 ; 1.546 ;0,75%;3,30%;;;; -   ; 1.603 ;;;;;; 45 ; 1.558 ;;;;;; 6 ; 1.552 ;;;;;; 6 ; 1.546 ;;;;;; -   ; 1.546 ; -   ;0;0;
Aro 12;BICICLETA DISNEY ARO 12;101260160001;;;BICICLETA ARO 12 PRINCESAS;621; 1.410 ;-789 ; 2.711 ;3,44%;5,78%;;;; 3 ; 618 ;;;;3500;; 253 ; 3.865 ;;;;;; 5 ; 3.860 ;;;;;; 1.015 ; 2.845 ;;;;;; 134 ; 2.711 ; -   ;3500;0;
Aro 12;BICICLETA WCA ARO 12;100730160000;;;BICICLETA ARO 12 SEREIA;0; -   ; -   ; -   ;;;;;; -   ; -   ;;;;;; -   ; -   ;;;;;; -   ; -   ;;;;;; -   ; -   ;;;;;; -   ; -   ; -   ;0;0;
Aro 12;BICICLETA DISNEY ARO 12;101260160000;;;BICICLETA ARO 12 SPIDER MAN;-41; 1.597 ;-1.638 ; 5.362 ;9,87%;11,43%;;;; 33 ;-74 ;;;3500;;; 142 ; 3.284 ;;;;;; 60 ; 3.224 ;;;;;; 1.124 ; 2.100 ;3500;;;;; 238 ; 5.362 ; -   ;7000;6600;
Aro 12;BICICLETA DISNEY ARO 12;101260160004;;;BICICLETA ARO 12 STITCH;1000; 868 ; 132 ; 3.632 ;1,45%;7,74%;;;; 2 ; 998 ;;3500;;;; 36 ; 4.462 ;;;;;; 8 ; 4.454 ;;;;;; 634 ; 3.820 ;;;;;; 188 ; 3.632 ; -   ;3500;3300;
Aro 12;BICICLETA NATHOR ARO 12;100010160040; ; ;BICICLETA ARO 12 VELOZ 2;-2863; 2.124 ;-4.987 ;-1.487 ;8,14%;-3,17%;;;; 12 ;-2.875 ;;;;;; 11 ;-2.886 ;;3500;;;; 1.227 ;-613 ;;;;;; 290 ;-903 ;;;;;; 584 ;-1.487 ; -   ;3500;6600;
Aro 12;BICICLETA NATHOR ARO 12;100010160052;;;BICICLETA ARO 12 VIOLET 4;-110; 1.568 ;-1.678 ; 1.822 ;7,42%;3,88%;;;; -   ;-110 ;3500;;;;; 878 ; 2.512 ;;;;;; 129 ; 2.383 ;;;;;; 347 ; 2.036 ;;;;;; 214 ; 1.822 ; -   ;3500;6600;
Aro 12;BICICLETA ARO 12 XICORIA;100320160002; ; ;BICICLETA ARO 12 XICORIA BOY MOD 02;0; -   ; -   ; -   ;;;;;; -   ; -   ;;;;;; -   ; -   ;;;;;; -   ; -   ;;;;;; -   ; -   ;;;;;; -   ; -   ; -   ;0;0;
Aro 12;BICICLETA ARO 12 XICORIA;100320160003; ; ;BICICLETA ARO 12 XICORIA GIRL MOD 02;0; -   ; -   ; -   ;;;;;; -   ; -   ;;;;;; -   ; -   ;;;;;; -   ; -   ;;;;;; -   ; -   ;;;;;; -   ; -   ; -   ;0;0;
Aro 12;BICICLETA HOUSTON;100040160007; ; ;KIT BICICLETA ARO 12 FEMININA BRANCA;0; -   ; -   ; -   ;;;;;; -   ; -   ;;;;;; -   ; -   ;;;;;; -   ; -   ;;;;;; -   ; -   ;;;;;; -   ; -   ; -   ;0;0;
Aro 12;BICICLETA HOUSTON;100040160008; ; ;KIT BICICLETA ARO 12 FEMININA ROSA;0; -   ; -   ; -   ;;;;;; -   ; -   ;;;;;; -   ; -   ;;;;;; -   ; -   ;;;;;; -   ; -   ;;;;;; -   ; -   ; -   ;0;0;
Aro 12;BICICLETA HOUSTON;100040160009; ; ;KIT BICICLETA ARO 12 MASCULINA BRANCA;0; -   ; -   ; -   ;;;;;; -   ; -   ;;;;;; -   ; -   ;;;;;; -   ; -   ;;;;;; -   ; -   ;;;;;; -   ; -   ; -   ;0;0;
Aro 12;BICICLETA HOUSTON;100040160010; ; ;KIT BICICLETA ARO 12 MASCULINA VERMELHA;0; -   ; -   ; -   ;;;;;; -   ; -   ;;;;;; -   ; -   ;;;;;; -   ; -   ;;;;;; -   ; -   ;;;;;; -   ; -   ; -   ;0;0;
Aro 12;;;;;BICICLETA FIAT FEMININA;0; -   ; -   ; -   ;;;;;; -   ; -   ;;;;;; -   ; -   ;;;;;; -   ; -   ;;;;;; -   ; -   ;;;;;; -   ; -   ; -   ;0;0;
Aro 12;;;;;BICICLETA FIAT MASCULINA;0; -   ; -   ; -   ;;;;;; -   ; -   ;;;;;; -   ; -   ;;;;;; -   ; -   ;;;;;; -   ; -   ;;;;;; -   ; -   ; -   ;0;0;
Aro 14;BICICLETA DECATHLON ARO 14;100190160006; ; ;BICICLETA ARO 14 BTWIN 500 MINI MONSTER;289; -   ; 289 ; 289 ;;;;;; -   ; 289 ;;;;;; -   ; 289 ;;;;;; -   ; 289 ;;;;;; -   ; 289 ;;;;;; -   ; 289 ; -   ;0;0;
Aro 14;BICICLETA DECATHLON ARO 14;100190160003; ; ;"BICICLETA ARO 14 BTWIN ROBOT 14""";99; -   ; 99 ; 99 ;;;;;; -   ; 99 ;;;;;; -   ; 99 ;;;;;; -   ; 99 ;;;;;; -   ; 99 ;;;;;; -   ; 99 ; -   ;0;0;
Aro 14;BICICLETA DECATHLON ARO 14;100190160004; ; ;"BICICLETA ARO 14 BTWIN UNICORN 14""";-1; 300 ;-301 ;-301 ;;;;;; -   ;-1 ;;;;;; -   ;-1 ;;;;;; -   ;-1 ;;;;;; 300 ;-301 ;;;;;; -   ;-301 ; -   ;0;0;
Aro 14;BICICLETA CALOI ARO 14;100340160002;;;BICICLETA ARO 14 CECIZINHA MOD 2022;0; -   ; -   ; -   ;;0%;;;; -   ; -   ;;;;;; -   ; -   ;;;;;; -   ; -   ;;;;;; -   ; -   ;;;;;; -   ; -   ; -   ;0;0;
Aro 14;BICICLETA CALOI ARO 14;100340160004;;;BICICLETA ARO 14 CECIZINHA MOD 2024;423; -   ; 423 ; 723 ;9,22%;13%;;;; -   ; 423 ;;;;;; -   ; 423 ;100;100;100;;; -   ; 723 ;;;;;; -   ; 723 ;;;;;; -   ; 723 ; -   ;300;300;
Aro 14;BICICLETA NATHOR ARO 14;100160160006;0001; ;BICICLETA ARO 14 FIRST PRO FEMININA 03;0; -   ; -   ; -   ;36,87%;0%;;;; -   ; -   ;;;;;; -   ; -   ;;;;;; -   ; -   ;;;;;; -   ; -   ;;;;;; -   ; -   ; -   ;0;0;
Aro 14;BICICLETA NATHOR ARO 14;100160160008;;;BICICLETA ARO 14 FIRST PRO FEMININA 4;1249; 2 ; 1.247 ; 1.247 ;;23%;;;; -   ; 1.249 ;;;;;; -   ; 1.249 ;;;;;; 1 ; 1.248 ;;;;;; 1 ; 1.247 ;;;;;; -   ; 1.247 ; -   ;0;0;
Aro 14;BICICLETA NATHOR ARO 14;100160160010;;;BICICLETA ARO 14 FIRST PRO FEMININA 5;0; -   ; -   ; 600 ;;11%;;;100; -   ; 100 ;100;100;100;100;100; -   ; 600 ;;;;;; -   ; 600 ;;;;;; -   ; 600 ;;;;;; -   ; 600 ;;600;600;
Aro 14;BICICLETA NATHOR ARO 14;100160160003;0001; ;BICICLETA ARO 14 FIRST PRO MASCULINA 02;0; -   ; -   ; -   ;44,89%;0%;;;; -   ; -   ;;;;;; -   ; -   ;;;;;; -   ; -   ;;;;;; -   ; -   ;;;;;; -   ; -   ; -   ;0;0;
Aro 14;BICICLETA NATHOR ARO 14;100160160007;;;BICICLETA ARO 14 FIRST PRO MASCULINA 3;1256; 2 ; 1.254 ; 1.254 ;;23%;;;; -   ; 1.256 ;;;;;; -   ; 1.256 ;;;;;; 1 ; 1.255 ;;;;;; 1 ; 1.254 ;;;;;; -   ; 1.254 ; -   ;0;900;
Aro 14;BICICLETA NATHOR ARO 14;100160160009;;;BICICLETA ARO 14 FIRST PRO MASCULINA 4;0; -   ; -   ; 900 ;;16%;;;; -   ; -   ;;;;;; -   ; -   ;;;;;; -   ; -   ;;100;100;100;100; -   ; 400 ;100;100;100;100;100; -   ; 900 ;;900;0;
Aro 14;BICICLETA CALOI ARO 14;100340160005;;;BICICLETA ARO 14 ZIGBIM MOD 2024;462; -   ; 462 ; 762 ;9,02%;14%;;;; -   ; 462 ;;;;;; -   ; 462 ;;;;100;100; -   ; 662 ;100;;;;; -   ; 762 ;;;;;; -   ; 762 ; -   ;300;300;
Aro 14;BICICLETA CALOI ARO 14;100340160003;;;BICICLETA ARO 14 ZIGBIM MOD 2022;0; -   ; -   ; -   ;;0%;;;; -   ; -   ;;;;;; -   ; -   ;;;;;; -   ; -   ;;;;;; -   ; -   ;;;;;; -   ; -   ; -   ;0;0;
Aro 16;BICICLETA NATHOR ARO 16;100790160000;;;BICICLETA ARO 16 ABSOLUTE KIDS DINO;0; -   ; -   ; -   ;;;;;; -   ; -   ;;;;;; -   ; -   ;;;;;; -   ; -   ;;;;;; -   ; -   ;;;;;; -   ; -   ; -   ;0;0;
Aro 16;BICICLETA NATHOR ARO 16;100790160001;;;BICICLETA ARO 16 ABSOLUTE KIDS UNIC;0; -   ; -   ; -   ;;;;;; -   ; -   ;;;;;; -   ; -   ;;;;;; -   ; -   ;;;;;; -   ; -   ;;;;;; -   ; -   ; -   ;0;0;
Aro 16;BICICLETA NATHOR ARO 16;100130160019;;;BICICLETA ARO 16 ANTONELLA ABS VERDE;0; -   ; -   ; -   ;;;;;; -   ; -   ;;;;;; -   ; -   ;;;;;; -   ; -   ;;;;;; -   ; -   ;;;;;; -   ; -   ; -   ;0;0;
Aro 16;BICICLETA NATHOR ARO 16;100130160021; ; ;BICICLETA ARO 16 APOLLO 3;0; -   ; -   ; -   ;;;;;; -   ; -   ;;;;;; -   ; -   ;;;;;; -   ; -   ;;;;;; -   ; -   ;;;;;; -   ; -   ; -   ;0;0;
Aro 16;BICICLETA NATHOR ARO 16;100130160029;;;BICICLETA ARO 16 APOLLO 4;555; 528 ; 27 ; 687 ;3,12%;3,05%;;;; 501 ; 54 ;;;;;; -   ; 54 ;660;;;;; 8 ; 706 ;;;;;; 19 ; 687 ;;;;;; -   ; 687 ; -   ;660;660;
Aro 16;BICICLETA NATHOR ARO 16;101250160005;;;BICICLETA ARO 16 ARIEL;0; -   ; -   ; -   ;;;;;; -   ; -   ;;;;;; -   ; -   ;;;;;; -   ; -   ;;;;;; -   ; -   ;;;;;; -   ; -   ; -   ;0;0;
Aro 16;BICICLETA DISNEY ARO 16;101360160000;;;BICICLETA ARO 16 BARBIE;557; 52 ; 505 ; 1.165 ;;5,18%;;;; 2 ; 555 ;;;;;; 7 ; 548 ;;;;;; 3 ; 545 ;;;;;660; 32 ; 1.173 ;;;;;; 8 ; 1.165 ; -   ;660;660;
Aro 16;BICICLETA DECATLHON ARO 16;100280160001; ; ;BICICLETA ARO 16 BTWIN DOCTOR GIRL;0; -   ; -   ; -   ;;;;;; -   ; -   ;;;;;; -   ; -   ;;;;;; -   ; -   ;;;;;; -   ; -   ;;;;;; -   ; -   ; -   ;0;0;
Aro 16;BICICLETA DECATLHON ARO 16;100280160000; ; ;BICICLETA ARO 16 BTWIN JACK PIRABIKE;0; -   ; -   ; -   ;;;;;; -   ; -   ;;;;;; -   ; -   ;;;;;; -   ; -   ;;;;;; -   ; -   ;;;;;; -   ; -   ; -   ;0;0;
Aro 16;BICICLETA DECATLHON ARO 16;100280160003; ; ;BICICLETA ARO 16 BTWIN MONSTER TRUCK ;0; -   ; -   ; -   ;;;;;; -   ; -   ;;;;;; -   ; -   ;;;;;; -   ; -   ;;;;;; -   ; -   ;;;;;; -   ; -   ; -   ;0;0;
Aro 16;BICICLETA DECATLHON ARO 16;100280160005; ; ;BICICLETA ARO 16 BTWIN ROBOT;-1; 100 ;-101 ;-101 ;;;;;; -   ;-1 ;;;;;; -   ;-1 ;;;;;; -   ;-1 ;;;;;; 100 ;-101 ;;;;;; -   ;-101 ; -   ;0;0;
Aro 16;BICICLETA DECATLHON ARO 16;100280160006; ; ;BICICLETA ARO 16 BTWIN UNICORNIO;-1; -   ;-1 ;-1 ;;;;;; -   ;-1 ;;;;;; -   ;-1 ;;;;;; -   ;-1 ;;;;;; -   ;-1 ;;;;;; -   ;-1 ; -   ;0;0;
Aro 16;BICICLETA DECATLHON ARO 16;100280160007; ; ;BICICLETA ARO 16 BTWIN 100 DINO 2022;0; -   ; -   ; -   ;;;;;; -   ; -   ;;;;;; -   ; -   ;;;;;; -   ; -   ;;;;;; -   ; -   ;;;;;; -   ; -   ; -   ;0;0;
Aro 16;BICICLETA DECATLHON ARO 16;100280160008; ; ;BICICLETA ARO 16 BTWIN 100 DOCTOR 2022;0; -   ; -   ; -   ;;;;;; -   ; -   ;;;;;; -   ; -   ;;;;;; -   ; -   ;;;;;; -   ; -   ;;;;;; -   ; -   ; -   ;0;0;
Aro 16;BICICLETA DECATLHON ARO 16;100280160009; ; ;BICICLETA ARO 16 BTWIN ORIGINAL 500 2022;299; 200 ; 99 ; 99 ;;;;;; -   ; 299 ;;;;;; -   ; 299 ;;;;;; 200 ; 99 ;;;;;; -   ; 99 ;;;;;; -   ; 99 ; -   ;0;0;
Aro 16;BICICLETA DECATLHON ARO 16;100280160010; ; ;BICICLETA ARO 16 BTWIN DARK HERO 2022;1; -   ; 1 ; 1 ;;;;;; -   ; 1 ;;;;;; -   ; 1 ;;;;;; -   ; 1 ;;;;;; -   ; 1 ;;;;;; -   ; 1 ; -   ;0;0;
Aro 16;BICICLETA DECATLHON ARO 16;100280160011; ; ;BICICLETA ARO 16 BTWIN CRUISER 500 2022;0; -   ; -   ; -   ;;;;;; -   ; -   ;;;;;; -   ; -   ;;;;;; -   ; -   ;;;;;; -   ; -   ;;;;;; -   ; -   ; -   ;0;0;
Aro 16;BICICLETA DISNEY ARO 16;101250160001;;;BICICLETA ARO 16 CAPITAO AMERICA;0; -   ; -   ; -   ;;;;;; -   ; -   ;;;;;; -   ; -   ;;;;;; -   ; -   ;;;;;; -   ; -   ;;;;;; -   ; -   ; -   ;0;0;
Aro 16;BICICLETA DISNEY ARO 16;101250160012;;;BICICLETA ARO 16 CAPITAO AMERICA 02;755; 18 ; 737 ; 1.397 ;3,60%;6,21%;;;; 1 ; 754 ;;;;;; 2 ; 752 ;;;;;; 4 ; 748 ;;;;;; 3 ; 745 ;660;;;;; 8 ; 1.397 ; -   ;660;660;
Aro 16;;100640160000;;;BICICLETA ARO 16 CHILIQUE;3; 1 ; 2 ; 2 ;;;;;; 1 ; 2 ;;;;;; -   ; 2 ;;;;;; -   ; 2 ;;;;;; -   ; 2 ;;;;;; -   ; 2 ; -   ;0;0;
Aro 16;;100640160001;;;BICICLETA ARO 16 FÊ DENGOSA;0; -   ; -   ; -   ;;;;;; -   ; -   ;;;;;; -   ; -   ;;;;;; -   ; -   ;;;;;; -   ; -   ;;;;;; -   ; -   ; -   ;0;0;
Aro 16;BICICLETA NATHOR ARO 16;101250160004;;;BICICLETA ARO 16 FROZEN;0; -   ; -   ; -   ;;;;;; -   ; -   ;;;;;; -   ; -   ;;;;;; -   ; -   ;;;;;; -   ; -   ;;;;;; -   ; -   ; -   ;0;0;
Aro 16;BICICLETA DISNEY ARO 16;101250160011;;;BICICLETA ARO 16 FROZEN 02;1486; 16 ; 1.470 ; 1.470 ;6,94%;6,53%;;;; 3 ; 1.483 ;;;;;; 4 ; 1.479 ;;;;;; 5 ; 1.474 ;;;;;; 4 ; 1.470 ;;;;;; -   ; 1.470 ; -   ;0;660;
Aro 16;BICICLETA DISNEY ARO 16;101250160002;;;BICICLETA ARO 16 HOMEM DE FERRO;0; -   ; -   ; -   ;;;;;; -   ; -   ;;;;;; -   ; -   ;;;;;; -   ; -   ;;;;;; -   ; -   ;;;;;; -   ; -   ; -   ;0;0;
Aro 16;BICICLETA DISNEY ARO 16;101250160010;;;BICICLETA ARO 16 HOMEM DE FERRO 02;808; 12 ; 796 ; 1.456 ;2,69%;6,47%;;;; 1 ; 807 ;;;;;; 2 ; 805 ;;;;;; 1 ; 804 ;;;;;; 4 ; 800 ;;660;;;; 4 ; 1.456 ; -   ;660;0;
Aro 16;;;;;BICICLETA ARO 16 GTS FEMININA;0; -   ; -   ; -   ;;0,00%;;;; -   ; -   ;;;;;; -   ; -   ;;;;;; -   ; -   ;;;;;; -   ; -   ;;;;;; -   ; -   ; -   ;0;0;
Aro 16;;;;;BICICLETA ARO 16 GTS MASCULINA;0; -   ; -   ; -   ;;0,00%;;;; -   ; -   ;;;;;; -   ; -   ;;;;;; -   ; -   ;;;;;; -   ; -   ;;;;;; -   ; -   ; -   ;0;0;
Aro 16;BICICLETA DISNEY ARO 16;101360160001;;;BICICLETA ARO 16 HOT WHEELS;655; 43 ; 612 ; 1.272 ;;;;;; 2 ; 653 ;;;;;; 8 ; 645 ;;;;;; 4 ; 641 ;;660;;;; 29 ; 1.272 ;;;;;; -   ; 1.272 ; -   ;660;660;
Aro 16;;;;;BICICLETA ARO 16 INFANTI ROSA;0; 415 ;-415 ;-415 ;;;;;; 415 ;-415 ;;;;;; -   ;-415 ;;;;;; -   ;-415 ;;;;;; -   ;-415 ;;;;;; -   ;-415 ; -   ;0;0;
Aro 16;;;;;BICICLETA ARO 16 INFANTI LARANJA;0; 415 ;-415 ;-415 ;;;;;; 415 ;-415 ;;;;;; -   ;-415 ;;;;;; -   ;-415 ;;;;;; -   ;-415 ;;;;;; -   ;-415 ; -   ;0;0;
Aro 16;BICICLETA DISNEY ARO 16;101250160000;;;BICICLETA ARO 16 PRINCESAS;0; -   ; -   ; -   ;;;;;; -   ; -   ;;;;;; -   ; -   ;;;;;; -   ; -   ;;;;;; -   ; -   ;;;;;; -   ; -   ; -   ;0;0;
Aro 16;BICICLETA DISNEY ARO 16;101250160009;;;BICICLETA ARO 16 PRINCESAS 02;523; 88 ; 435 ; 1.095 ;7,35%;4,87%;;;; -   ; 523 ;;;;;; 32 ; 491 ;;;;;; 4 ; 487 ;;;;660;; 52 ; 1.095 ;;;;;; -   ; 1.095 ; -   ;660;660;
Aro 16;BICICLETA ELIAN;101280160000;;;BICICLETA ARO 16 ELIAN;0; -   ; -   ; -   ;;;;;; -   ; -   ;;;;;; -   ; -   ;;;;;; -   ; -   ;;;;;; -   ; -   ;;;;;; -   ; -   ; -   ;0;0;
Aro 16;BICICLETA NATHOR ARO 16;100130160014; ; ;BICICLETA ARO 16 EXTREME;0; -   ; -   ; -   ;;;;;; -   ; -   ;;;;;; -   ; -   ;;;;;; -   ; -   ;;;;;; -   ; -   ;;;;;; -   ; -   ; -   ;0;0;
Aro 16;BICICLETA NATHOR ARO 16;100130160027;;;BICICLETA ARO 16 EXTREME 2;1846; 250 ; 1.596 ; 2.916 ;16,22%;12,96%;;;660; 15 ; 2.491 ;660;;;;; 15 ; 3.136 ;;;;;; 38 ; 3.098 ;;;;;; 102 ; 2.996 ;;;;;; 80 ; 2.916 ; -   ;1320;1980;
Aro 16;BICICLETA NATHOR ARO 16;100130160022;;;BICICLETA ARO 16 LADY 2;0; -   ; -   ; -   ;;;;;; -   ; -   ;;;;;; -   ; -   ;;;;;; -   ; -   ;;;;;; -   ; -   ;;;;;; -   ; -   ; -   ;0;0;
Aro 16;BICICLETA NATHOR ARO 16;100130160025;;;BICICLETA ARO 16 LADY 3;448; 517 ;-69 ;-69 ;1,65%;-0,31%;;;; 500 ;-52 ;;;;;; -   ;-52 ;;;;;; 3 ;-55 ;;;;;; 14 ;-69 ;;;;;; -   ;-69 ; -   ;0;0;
Aro 16;BICICLETA NATHOR ARO 16;100130160020;;;BICICLETA ARO 16 PIXIE;0; -   ; -   ; -   ;;;;;; -   ; -   ;;;;;; -   ; -   ;;;;;; -   ; -   ;;;;;; -   ; -   ;;;;;; -   ; -   ; -   ;0;0;
Aro 16;BICICLETA NATHOR ARO 16;100130160024;;;BICICLETA ARO 16 PIXIE 2;403; 109 ; 294 ; 1.614 ;4,77%;7,17%;;;; 1 ; 402 ;;;660;;; 7 ; 1.055 ;;;;;; 42 ; 1.013 ;;;;;; 59 ; 954 ;;;660;;; -   ; 1.614 ; -   ;1320;660;
Aro 16;BICICLETA NATHOR ARO 16;101250160003;;;BICICLETA ARO 16 SPIDER MAN;0; -   ; -   ; -   ;;;;;; -   ; -   ;;;;;; -   ; -   ;;;;;; -   ; -   ;;;;;; -   ; -   ;;;;;; -   ; -   ; -   ;0;0;
Aro 16;BICICLETA DISNEY ARO 16;101250160007;;;BICICLETA ARO 16 SPIDER MAN 02;1355; 66 ; 1.289 ; 3.929 ;14,88%;17,46%;;;; 6 ; 1.349 ;;;;660;660; 4 ; 2.665 ;;;;;; 2 ; 2.663 ;;;;;; 46 ; 2.617 ;;;;660;660; 8 ; 3.929 ; -   ;2640;2640;
Aro 16;BICICLETA DISNEY ARO 16;101250160006;;;BICICLETA ARO 16 STITCH;0; -   ; -   ; -   ;;;;;; -   ; -   ;;;;;; -   ; -   ;;;;;; -   ; -   ;;;;;; -   ; -   ;;;;;; -   ; -   ; -   ;0;0;
Aro 16;BICICLETA DISNEY ARO 16;101250160008;;;BICICLETA ARO 16 STITCH 02;1143; 97 ; 1.046 ; 1.046 ;3,03%;4,65%;;;; 6 ; 1.137 ;;;;;; 15 ; 1.122 ;;;;;; 19 ; 1.103 ;;;;;; 49 ; 1.054 ;;;;;; 8 ; 1.046 ; -   ;0;0;
Aro 16;BICICLETA NATHOR ARO 16;100130160009; ; ;BICICLETA ARO 16 TECH BOYS 5;0; -   ; -   ; -   ;;;;;; -   ; -   ;;;;;; -   ; -   ;;;;;; -   ; -   ;;;;;; -   ; -   ;;;;;; -   ; -   ; -   ;0;0;
Aro 16;BICICLETA NATHOR ARO 16;100130160028;;;BICICLETA ARO 16 TECH BOYS 6;1674; 226 ; 1.448 ; 3.428 ;17,66%;15,23%;;;; 15 ; 1.659 ;;;;;; 11 ; 1.648 ;;660;660;660;; 64 ; 3.564 ;;;;;; 136 ; 3.428 ;;;;;; -   ; 3.428 ; -   ;1980;1980;
Aro 16;BICICLETA NATHOR ARO 16;100130160026;;;BICICLETA ARO 16 TOP GIRLS 6;2605; 219 ; 2.386 ; 3.706 ;18,08%;16,47%;;;; 14 ; 2.591 ;;;;;; 18 ; 2.573 ;;;;;660; 34 ; 3.199 ;660;;;;; 73 ; 3.786 ;;;;;; 80 ; 3.706 ; -   ;1320;1980;
Aro 16;BICICLETA NATHOR ARO 16;100130160010; ; ;BICICLETA ARO 16 TOP GIRLS 5;0; -   ; -   ; -   ;;;;;; -   ; -   ;;;;;; -   ; -   ;;;;;; -   ; -   ;;;;;; -   ; -   ;;;;;; -   ; -   ; -   ;0;0;
Aro 16;BICICLETA NATHOR ARO 16;;;;BICICLETA ARO 16 UNICORNIO;0; -   ; -   ; 1.320 ;;5,87%;;;; -   ; -   ;;660;;;; -   ; 660 ;;;;;; -   ; 660 ;;;660;;; -   ; 1.320 ;;;;;; -   ; 1.320 ; -   ;1320;660;
Aro 20;BICICLETA NATHOR ARO 20;101200160010; ; ;BICICLETA ARO 20 ANTONELLA TEEN ROSA;30; 17 ; 13 ; 163 ;4,85%;3,55%;;;; 1 ; 29 ;;;;;; 4 ; 25 ;;;;;; -   ; 25 ;150;;;;; 3 ; 172 ;;;;;; 9 ; 163 ; -   ;150;150;
Aro 20;BICICLETA NATHOR ARO 20;101200160005; ; ;BICICLETA ARO 20 ANTONELLA TEEN VERDE;78; 17 ; 61 ; 211 ;4,57%;4,59%;;;; 1 ; 77 ;;;;;; 4 ; 73 ;;;;;; -   ; 73 ;;150;;;; 3 ; 220 ;;;;;; 9 ; 211 ; -   ;150;150;
Aro 20;BICICLETA NATHOR ARO 20;101200160003; ; ;BICICLETA ARO 20 APOLLO PRETO/LARANJ;568; 287 ; 281 ; 1.281 ;32,38%;27,89%;;;200; 252 ; 516 ;200;;;;; 6 ; 710 ;;;;;; 9 ; 701 ;;;;;200; 20 ; 881 ;200;200;;;; -   ; 1.281 ; -   ;1000;1000;
Aro 20;BICICLETA DISNEY ARO 20;;;;BICICLETA ARO 20 BARBIE;119; 12 ; 107 ; 307 ;;;;;; 1 ; 118 ;;;;;; 1 ; 117 ;;200;;;; 2 ; 315 ;;;;;; 4 ; 311 ;;;;;; 4 ; 307 ; -   ;200;200;
Aro 20;BICICLETA NATHOR ARO 20;101200160004; ; ;BICICLETA ARO 20 BELLA 02 ROSA/ROSA;392; 289 ; 103 ; 1.103 ;25,63%;24,01%;;;; 256 ; 136 ;;;;200;200; 5 ; 531 ;200;;;;; 11 ; 720 ;;;;;; 17 ; 703 ;;;200;200;; -   ; 1.103 ; -   ;1000;1000;
Aro 20;BICICLETA NATHOR ARO 20;101200160009; ; ;BICICLETA ARO 20 BLADE;0; -   ; -   ; -   ;;0,00%;;;; -   ; -   ;;;;;; -   ; -   ;;;;;; -   ; -   ;;;;;; -   ; -   ;;;;;; -   ; -   ; -   ;0;0;
Aro 20;BICICLETA NATHOR ARO 20;;;;BICICLETA ARO 20 BLADE GREEN;110; 9 ; 101 ; 251 ;2,25%;5,46%;;;; -   ; 110 ;;;;;; 1 ; 109 ;;;;;; 3 ; 106 ;;;;150;; 5 ; 251 ;;;;;; -   ; 251 ; -   ;150;150;
Aro 20;BICICLETA NATHOR ARO 20;101200160012;;;BICICLETA ARO 20 BOLT;92; 20 ; 72 ; 272 ;8,41%;5,92%;;;; 2 ; 90 ;;;200;;; 6 ; 284 ;;;;;; 9 ; 275 ;;;;;; 3 ; 272 ;;;;;; -   ; 272 ; -   ;200;200;
Aro 20;BICICLETA DECATHLON ARO 20;101210160003; ; ;BICICLETA ARO 20 BTWIN MISTGIRL BR/AZUL;-1; 100 ;-101 ;-101 ;;;;;; -   ;-1 ;;;;;; -   ;-1 ;;;;;; -   ;-1 ;;;;;; 100 ;-101 ;;;;;; -   ;-101 ; -   ;0;0;
Aro 20;BICICLETA DECATHLON ARO 20;101210160008; ; ;BICICLETA ARO 20 BTWIN ORIGINAL 120 ROSA;99; 300 ;-201 ;-201 ;;;;;; 100 ;-1 ;;;;;; -   ;-1 ;;;;;; 200 ;-201 ;;;;;; -   ;-201 ;;;;;; -   ;-201 ; -   ;0;0;
Aro 20;BICICLETA DECATHLON ARO 20;101210160007; ; ;BICICLETA ARO 20 BTWIN ORIGINAL 500;-1; 100 ;-101 ;-101 ;;;;;; -   ;-1 ;;;;;; -   ;-1 ;;;;;; -   ;-1 ;;;;;; 100 ;-101 ;;;;;; -   ;-101 ; -   ;0;0;
Aro 20;BICICLETA DECATHLON ARO 20;101210160000; ; ;BICICLETA ARO 20 BTWIN RACING BOY;-1; 100 ;-101 ;-101 ;;;;;; -   ;-1 ;;;;;; -   ;-1 ;;;;;; -   ;-1 ;;;;;; 100 ;-101 ;;;;;; -   ;-101 ; -   ;0;0;
Aro 20;BICICLETA DECATHLON ARO 20;101210160009; ; ;BICICLETA ARO 20 BTWIN ST 120 MASC 2022;-1; -   ;-1 ;-1 ;;;;;; -   ;-1 ;;;;;; -   ;-1 ;;;;;; -   ;-1 ;;;;;; -   ;-1 ;;;;;; -   ;-1 ; -   ;0;0;
Aro 20;BICICLETA DECATHLON ARO 20;101210160010; ; ;BICICLETA ARO 20 BTWIN ST 500 MASC 2022;28; -   ; 28 ; 28 ;;;;;; -   ; 28 ;;;;;; -   ; 28 ;;;;;; -   ; 28 ;;;;;; -   ; 28 ;;;;;; -   ; 28 ; -   ;0;0;
Aro 20;;100650160000;;;BICICLETA ARO 20 DIMITRI;0; -   ; -   ; -   ;;;;;; -   ; -   ;;;;;; -   ; -   ;;;;;; -   ; -   ;;;;;; -   ; -   ;;;;;; -   ; -   ; -   ;0;0;
Aro 20;;100650160001;;;BICICLETA ARO 20 TRAPAÇA;0; -   ; -   ; -   ;;;;;; -   ; -   ;;;;;; -   ; -   ;;;;;; -   ; -   ;;;;;; -   ; -   ;;;;;; -   ; -   ; -   ;0;0;
Aro 20;BICICLETA NATHOR ARO 20;101200160008; ; ;BICICLETA ARO 20 HARMONY;0; -   ; -   ; -   ;;0,00%;;;; -   ; -   ;;;;;; -   ; -   ;;;;;; -   ; -   ;;;;;; -   ; -   ;;;;;; -   ; -   ; -   ;0;0;
Aro 20;BICICLETA NATHOR ARO 20;;;;BICICLETA ARO 20 HARMONY PINK;156; 5 ; 151 ; 301 ;1,64%;6,55%;;;; -   ; 156 ;;;;;; 2 ; 154 ;;;;;; 3 ; 151 ;;;150;;; -   ; 301 ;;;;;; -   ; 301 ; -   ;150;150;
Aro 20;BICICLETA DISNEY ARO 20;101370160000;;;BICICLETA ARO 20 HOT WHEELS;-28; 11 ;-39 ; 161 ;;3,51%;;;; -   ;-28 ;;200;;;; 1 ; 171 ;;;;;; 2 ; 169 ;;;;;; 4 ; 165 ;;;;;; 4 ; 161 ; -   ;200;200;
Aro 20;;;;;BICICLETA ARO 20 INFANTI ROSA CLARO;0; -   ; -   ; -   ;;0,00%;;;; -   ; -   ;;;;;; -   ; -   ;;;;;; -   ; -   ;;;;;; -   ; -   ;;;;;; -   ; -   ; -   ;0;0;
Aro 20;;;;;BICICLETA ARO 20 INFANTI PT/LJ;0; -   ; -   ; -   ;;0,00%;;;; -   ; -   ;;;;;; -   ; -   ;;;;;; -   ; -   ;;;;;; -   ; -   ;;;;;; -   ; -   ; -   ;0;0;
Aro 20;BICICLETA NATHOR ARO 20;101200160011;;;BICICLETA ARO 20 LOVELY;230; 19 ; 211 ; 1.011 ;20,26%;22,01%;;;; 1 ; 229 ;;;;;; 7 ; 222 ;;;200;200;200; 7 ; 815 ;;;;;; 4 ; 811 ;;;;;200; -   ; 1.011 ; -   ;800;800;
Aro 20;BICICLETA ARO 20 MOBHIS;100740160000;;;BICICLETA ARO 20 MOBHIS AZUL 5019;0; -   ; -   ; -   ;;;;;; -   ; -   ;;;;;; -   ; -   ;;;;;; -   ; -   ;;;;;; -   ; -   ;;;;;; -   ; -   ; -   ;0;0;
Aro 24;BICICLETA ARO 24 NATHOR;100370160000; ; ;BICICLETA ARO 24 APOLLO;0; -   ; -   ; -   ;53,15%;0,00%;;;; -   ; -   ;;;;;; -   ; -   ;;;;;; -   ; -   ;;;;;; -   ; -   ;;;;;; -   ; -   ; -   ;0;0;
Aro 24;BICICLETA ARO 24 NATHOR;100370160001; ; ;BICICLETA ARO 24 BELLA;0; -   ; -   ; -   ;46,85%;0,00%;;;; -   ; -   ;;;;;; -   ; -   ;;;;;; -   ; -   ;;;;;; -   ; -   ;;;;;; -   ; -   ; -   ;0;0;
Aro 24;;100660160000;;;BICICLETA ARO 24 MUQUE;0; -   ; -   ; -   ;;;;;; -   ; -   ;;;;;; -   ; -   ;;;;;; -   ; -   ;;;;;; -   ; -   ;;;;;; -   ; -   ; -   ;0;0;
Aro 26;BICICLETA ARO 26 NATHOR;100290160005; ; ;BICICLETA ARO 26 ANTHON AZUL;0; -   ; -   ; -   ;5,09%;0,00%;;;; -   ; -   ;;;;;; -   ; -   ;;;;;; -   ; -   ;;;;;; -   ; -   ;;;;;; -   ; -   ; -   ;0;0;
Aro 26;BICICLETA ARO 26 NATHOR;100290160004; ; ;BICICLETA ARO 26 ANTHON CINZA;3; -   ; 3 ; 18 ;8,42%;19,15%;;;; -   ; 3 ;;;;;; -   ; 3 ;;;;;; -   ; 3 ;;;;5;5; -   ; 13 ;5;;;;; -   ; 18 ; -   ;15;0;
Aro 26;BICICLETA ARO 26 NATHOR;100290160000; ; ;BICICLETA ARO 26 ANTONELLA PEROLA;-3; 1 ;-4 ; 31 ;34,04%;32,98%;;;; -   ;-3 ;;;;5;5; -   ; 7 ;5;5;;;; -   ; 17 ;;;;;; -   ; 17 ;;5;5;5;; 1 ; 31 ; -   ;35;35;
Aro 26;BICICLETA ARO 26 NATHOR;100290160001; ; ;BICICLETA ARO 26 ANTONELLA ROSA;7; 1 ; 6 ; 21 ;22,11%;22,34%;;;; -   ; 7 ;;;;;; -   ; 7 ;;;;;; -   ; 7 ;5;5;5;;; -   ; 22 ;;;;;; 1 ; 21 ; -   ;15;20;
Aro 26;BICICLETA ARO 26 NATHOR;100290160002; ; ;BICICLETA ARO 26 ANTONELLA VERDE AQUA;19; 1 ; 18 ; 38 ;24,74%;40,43%;;;; -   ; 19 ;;;;;; -   ; 19 ;;;5;5;5; -   ; 34 ;;;;;; -   ; 34 ;;;;;5; 1 ; 38 ; -   ;20;30;
Aro 26;BICICLETA ARO 26 DISNEY;;;;BICICLETA ARO 26 BARBIE;-21; -   ;-21 ;-21 ;;;;;; -   ;-21 ;;;;;; -   ;-21 ;;;;;; -   ;-21 ;;;;;; -   ;-21 ;;;;;; -   ;-21 ; -   ;0;0;
Aro 26;BICICLETA ARO 26 NATHOR;100460160003;;;BICICLETA ARO 26 LIS CORAL PINK;2; -   ; 2 ; 2 ;2,63%;2,13%;;;; -   ; 2 ;;;;;; -   ; 2 ;;;;;; -   ; 2 ;;;;;; -   ; 2 ;;;;;; -   ; 2 ; -   ;0;0;
Aro 26;BICICLETA ARO 26 NATHOR;100460160002;;;BICICLETA ARO 26 LOUIS AZUL;5; -   ; 5 ; 5 ;2,98%;5,32%;;;; -   ; 5 ;;;;;; -   ; 5 ;;;;;; -   ; 5 ;;;;;; -   ; 5 ;;;;;; -   ; 5 ; -   ;0;0;
Aro 26;BICICLETA ARO 26 MOBHIS;100360160004;;;BICICLETA ARO 26 MOBHIS AZUL 5019;0; -   ; -   ; -   ;;;;;; -   ; -   ;;;;;; -   ; -   ;;;;;; -   ; -   ;;;;;; -   ; -   ;;;;;; -   ; -   ; -   ;0;0;
Aro 26;BICICLETA ARO 26 VETTER;100330160000;;;BICICLETA ARO 26 VETTER AMARELA;0; -   ; -   ; -   ;;;;;; -   ; -   ;;;;;; -   ; -   ;;;;;; -   ; -   ;;;;;; -   ; -   ;;;;;; -   ; -   ; -   ;0;0;
Aro 29;BICICLETA ARO 29 NATHOR;100380160000; ; ;BICICLETA ARO 29 E3;0; -   ; -   ; -   ;;;;;; -   ; -   ;;;;;; -   ; -   ;;;;;; -   ; -   ;;;;;; -   ; -   ;;;;;; -   ; -   ; -   ;0;0;
Balance;BALANCE BIKE NATHOR;;;;BICICLETA BALANCE BIKE ALEGRIA;0; -   ; -   ; -   ;;;;;; -   ; -   ;;;;;; -   ; -   ;;;;;; -   ; -   ;;;;;; -   ; -   ;;;;;; -   ; -   ; -   ;0;0;
Balance;BALANCE CALOI;100930160002;;;BICICLETA BALANCE CALOI VERMELHA;0; -   ; -   ; -   ;;0,00%;;;; -   ; -   ;;;;;; -   ; -   ;;;;;; -   ; -   ;;;;;; -   ; -   ;;;;;; -   ; -   ; -   ;0;0;
Balance;BALANCE CALOI;100930160007;;;BICICLETA BALANCE CALOI VERMELHA 02;635; 136 ; 499 ; 2.449 ;9,51%;8,90%;;;650; 1 ; 1.284 ;650;;;;; 1 ; 1.933 ;;;;;; -   ; 1.933 ;;;;;; -   ; 1.933 ;;650;;;; 134 ; 2.449 ; -   ;1950;1950;
Balance;BALANCE BIKE NATHOR;100900160011;;;BICICLETA BALANCE BIKE FAST MOD 02;0; -   ; -   ; -   ;;0,00%;;;; -   ; -   ;;;;;; -   ; -   ;;;;;; -   ; -   ;;;;;; -   ; -   ;;;;;; -   ; -   ; -   ;0;0;
Balance;BALANCE BIKE NATHOR;100900160015;;;BICICLETA BALANCE BIKE FAST MOD 3;1666; 104 ; 1.562 ; 3.512 ;10,22%;12,76%;;;; 1 ; 1.665 ;;650;650;;; -   ; 2.965 ;;;;;; -   ; 2.965 ;;;;;; 3 ; 2.962 ;;;650;;; 100 ; 3.512 ; -   ;1950;1950;
Balance;BALANCE BIKE NATHOR;100900160005; ; ;BICICLETA BALANCE BIKE FEMININA 02;0; -   ; -   ; -   ;;0,00%;;;; -   ; -   ;;;;;; -   ; -   ;;;;;; -   ; -   ;;;;;; -   ; -   ;;;;;; -   ; -   ; -   ;0;0;
Balance;BALANCE BIKE NATHOR;100900160018;;;BICICLETA BALANCE BIKE FEMININA 3;3318; 152 ; 3.166 ; 5.116 ;18,95%;18,59%;;;; 5 ; 3.313 ;;;;;; 5 ; 3.308 ;;;;;; 1 ; 3.307 ;;;650;650;650; 7 ; 5.250 ;;;;;; 134 ; 5.116 ; -   ;1950;1950;
Balance;BALANCE BIKE DISNEY;100960160002;;;BICICLETA BALANCE CARROS;43; 8 ; 35 ; 35 ;;0,13%;;;; 1 ; 42 ;;;;;; 5 ; 37 ;;;;;; 2 ; 35 ;;;;;; -   ; 35 ;;;;;; -   ; 35 ; -   ;0;0;
Balance;BALANCE BIKE NATHOR;100900160014;;;BICICLETA BALANCE BIKE GARDEN FLY;-4; -   ;-4 ;-4 ;;-0,01%;;;; -   ;-4 ;;;;;; -   ;-4 ;;;;;; -   ;-4 ;;;;;; -   ;-4 ;;;;;; -   ;-4 ; -   ;0;0;
Balance;BALANCE BIKE NATHOR;100900160019;;;BICICLETA BALANCE BIKE GARDEN FLY 2;632; -   ; 632 ; 632 ;0,93%;2,30%;;;; -   ; 632 ;;;;;; -   ; 632 ;;;;;; -   ; 632 ;;;;;; -   ; 632 ;;;;;; -   ; 632 ; -   ;0;0;
Balance;BALANCE BIKE NATHOR;100900160007; ; ;BICICLETA BALANCE BIKE LOVE;0; -   ; -   ; -   ;;0,00%;;;; -   ; -   ;;;;;; -   ; -   ;;;;;; -   ; -   ;;;;;; -   ; -   ;;;;;; -   ; -   ; -   ;0;0;
Balance;BALANCE BIKE NATHOR;100900160020;;;BICICLETA BALANCE BIKE LOVE 2;1351; 141 ; 1.210 ; 2.510 ;8,04%;9,12%;;;; 1 ; 1.350 ;;;;;; 2 ; 1.348 ;;;;;; -   ; 1.348 ;650;650;;;; 4 ; 2.644 ;;;;;; 134 ; 2.510 ; -   ;1300;1300;
Balance;BALANCE BIKE NATHOR;100900160012;;;BICICLETA BALANCE BIKE MASCULINA MOD04;0; -   ; -   ; -   ;;0,00%;;;; -   ; -   ;;;;;; -   ; -   ;;;;;; -   ; -   ;;;;;; -   ; -   ;;;;;; -   ; -   ; -   ;0;0;
Balance;BALANCE BIKE NATHOR;100900160016;;;BICICLETA BALANCE BIKE MASCULINA MOD 5;5938; 196 ; 5.742 ; 10.292 ;37,42%;37,40%;;;; 8 ; 5.930 ;;;;650;650; 2 ; 7.228 ;650;650;650;650;650; 2 ; 10.476 ;;;;;; 16 ; 10.460 ;;;;;; 168 ; 10.292 ; -   ;4550;4550;
Balance;BALANCE BIKE DISNEY;100960160001;;;BICICLETA BALANCE PRINCESAS;35; 53 ;-18 ;-18 ;;-0,07%;;;; 1 ; 34 ;;;;;; -   ; 34 ;;;;;; 2 ; 32 ;;;;;; -   ; 32 ;;;;;; 50 ;-18 ; -   ;0;0;
Balance;BALANCE BIKE DISNEY;100960160004;;;BICICLETA BALANCE PRINCESAS 02;1150; -   ; 1.150 ; 1.800 ;2,76%;6,54%;;;; -   ; 1.150 ;;;;;; -   ; 1.150 ;;;;;; -   ; 1.150 ;;;;;; -   ; 1.150 ;;;;;650; -   ; 1.800 ; -   ;650;650;
Balance;BALANCE BIKE NATHOR;100900160013;;;BICICLETA BALANCE BIKE ROCKET ASTRO;0; -   ; -   ; -   ;;0,00%;;;; -   ; -   ;;;;;; -   ; -   ;;;;;; -   ; -   ;;;;;; -   ; -   ;;;;;; -   ; -   ; -   ;0;0;
Balance;BALANCE BIKE NATHOR;100900160017;;;BICICLETA BALANCE BIKE ROCKET ASTRO 2;685; 1 ; 684 ; 1.334 ;3,30%;4,85%;;;; -   ; 685 ;;;;;; -   ; 685 ;;;;;; -   ; 685 ;;;;;; 1 ; 684 ;650;;;;; -   ; 1.334 ; -   ;650;650;
Balance;BALANCE CALOI;100930160003; ; ;BICICLETA BALANCE CECIZINHA MOD02;0; -   ; -   ; -   ;;0,00%;;;; -   ; -   ;;;;;; -   ; -   ;;;;;; -   ; -   ;;;;;; -   ; -   ;;;;;; -   ; -   ; -   ;0;0;
Balance;BALANCE CALOI;100930160005;;;BICICLETA BALANCE CECIZINHA 03;775; 70 ; 705 ; 705 ;1,27%;2,56%;;;; 1 ; 774 ;;;;;; -   ; 774 ;;;;;; 1 ; 773 ;;;;;; -   ; 773 ;;;;;; 68 ; 705 ; -   ;0;0;
Balance;BALANCE CALOI;100930160004;;;BICICLETA BALANCE POWER REX;0; -   ; -   ; -   ;;0,00%;;;; -   ; -   ;;;;;; -   ; -   ;;;;;; -   ; -   ;;;;;; -   ; -   ;;;;;; -   ; -   ; -   ;0;0;
Balance;BALANCE CALOI;100930160006;;;BICICLETA BALANCE POWER REX 02;486; 36 ; 450 ; 450 ;0,77%;1,64%;;;; -   ; 486 ;;;;;; 1 ; 485 ;;;;;; 1 ; 484 ;;;;;; -   ; 484 ;;;;;; 34 ; 450 ; -   ;0;0;
Balance;BALANCE BIKE DISNEY;100960160000;;;BICICLETA BALANCE SPIDER MAN;0; -   ; -   ; -   ;;0,00%;;;; -   ; -   ;;;;;; -   ; -   ;;;;;; -   ; -   ;;;;;; -   ; -   ;;;;;; -   ; -   ; -   ;0;0;
Balance;BALANCE BIKE DISNEY;100960160003;;;BICICLETA BALANCE SPIDER MAN 02;2087; 141 ; 1.946 ; 2.596 ;6,82%;9,43%;;;; 1 ; 2.086 ;;;;;; 5 ; 2.081 ;;;;;; 1 ; 2.080 ;;;;;; -   ; 2.080 ;;;;650;; 134 ; 2.596 ; -   ;650;650;
Balance;BALANCE CALOI;100930160000; ; ;BICICLETA BALANCE ZIGBIM;0; -   ; -   ; -   ;;0,00%;;;; -   ; -   ;;;;;; -   ; -   ;;;;;; -   ; -   ;;;;;; -   ; -   ;;;;;; -   ; -   ; -   ;0;0;
Balance;BALANCE DECATLHON;100910160012; ; ;BICICLETA BTWIN BALANCE 100 BRANCA;0; -   ; -   ; -   ;;;;;; -   ; -   ;;;;;; -   ; -   ;;;;;; -   ; -   ;;;;;; -   ; -   ;;;;;; -   ; -   ; -   ;0;0;
Balance;BALANCE DECATLHON;100910160013;;;BICICLETA BTWIN BALANCE 100 AZ ESC/ROSA;0; -   ; -   ; -   ;;;;;; -   ; -   ;;;;;; -   ; -   ;;;;;; -   ; -   ;;;;;; -   ; -   ;;;;;; -   ; -   ; -   ;0;0;
Balance;BALANCE DECATLHON;100910160010; ; ;BICICLETA BTWIN BALANCE AZUL/ROSA;0; -   ; -   ; -   ;;;;;; -   ; -   ;;;;;; -   ; -   ;;;;;; -   ; -   ;;;;;; -   ; -   ;;;;;; -   ; -   ; -   ;0;0;
Balance;BALANCE DECATLHON;100910160009; ; ;BICICLETA BTWIN BALANCE LARANJA/PRETO;399; -   ; 399 ; 399 ;;;;;; -   ; 399 ;;;;;; -   ; 399 ;;;;;; -   ; 399 ;;;;;; -   ; 399 ;;;;;; -   ; 399 ; -   ;0;0;
Balance;BALANCE DECATLHON;100910160008;;;BICICLETA BTWIN BALANCE RUN RIDE PT/VERD;0; -   ; -   ; -   ;;;;;; -   ; -   ;;;;;; -   ; -   ;;;;;; -   ; -   ;;;;;; -   ; -   ;;;;;; -   ; -   ; -   ;0;0;
Balance;BALANCE DECATLHON;100910160014;;;BICICLETA BTWIN 100 PT/VERD 2022;-1; -   ;-1 ;-1 ;;;;;; -   ;-1 ;;;;;; -   ;-1 ;;;;;; -   ;-1 ;;;;;; -   ;-1 ;;;;;; -   ;-1 ; -   ;0;0;
Balance;BALANCE DECATLHON;100910160015;;;BICICLETA BTWIN 100 AZ ESC/ROSA 2022;0; -   ; -   ; -   ;;;;;; -   ; -   ;;;;;; -   ; -   ;;;;;; -   ; -   ;;;;;; -   ; -   ;;;;;; -   ; -   ; -   ;0;0;
Balance;BALANCE DECATLHON;100910160024;;;BICICLETA RUN RIDE 100 ROSA;49; -   ; 49 ; 49 ;;;;;; -   ; 49 ;;;;;; -   ; 49 ;;;;;; -   ; 49 ;;;;;; -   ; 49 ;;;;;; -   ; 49 ; -   ;0;0;
Balance;BALANCE DECATLHON;100910160017;;;BICICLETA BTWIN 500 ROSA /MARROM 2022;-1; -   ;-1 ;-1 ;;;;;; -   ;-1 ;;;;;; -   ;-1 ;;;;;; -   ;-1 ;;;;;; -   ;-1 ;;;;;; -   ;-1 ; -   ;0;0;
Balance;BALANCE DECATLHON;100910160016;;;BICICLETA BTWIN 500 AZUL CLARO /PT 2022;399; -   ; 399 ; 399 ;;;;;; -   ; 399 ;;;;;; -   ; 399 ;;;;;; -   ; 399 ;;;;;; -   ; 399 ;;;;;; -   ; 399 ; -   ;0;0;
Balance;BALANCE DECATLHON;;;;BICICLETA BTWIN BALANCE RUN RIDE AZUL 900;0; -   ; -   ; -   ;;;;;; -   ; -   ;;;;;; -   ; -   ;;;;;; -   ; -   ;;;;;; -   ; -   ;;;;;; -   ; -   ; -   ;0;0;
Balance;BALANCE DECATLHON;100910160018;;;BICICLETA BTWIN BALANCE RUN RIDE AMARELO 900;0; -   ; -   ; -   ;;;;;; -   ; -   ;;;;;; -   ; -   ;;;;;; -   ; -   ;;;;;; -   ; -   ;;;;;; -   ; -   ; -   ;0;0;
Balance;BALANCE DECATLHON;100910160020;;;BICICLETA RUN RIDE 900 ROSA;-1; -   ;-1 ;-1 ;;;;;; -   ;-1 ;;;;;; -   ;-1 ;;;;;; -   ;-1 ;;;;;; -   ;-1 ;;;;;; -   ;-1 ; -   ;0;0;
Balance;BALANCE BIKE NATHOR;100970160002;;;BICICLETA BALANCE 12 RAIADA NATHOR LJ;0; -   ; -   ; -   ;;;;;; -   ; -   ;;;;;; -   ; -   ;;;;;; -   ; -   ;;;;;; -   ; -   ;;;;;; -   ; -   ; -   ;0;0;
Balance;BALANCE BIKE NATHOR;100970160005;;;BICICLETA BALANCE 12 RAIADA NATHOR LJ 2;74; -   ; 74 ; 74 ;15,28%;0,27%;;;; -   ; 74 ;;;;;; -   ; 74 ;;;;;; -   ; 74 ;;;;;; -   ; 74 ;;;;;; -   ; 74 ; -   ;0;0;
Balance;BALANCE BIKE NATHOR;100970160003;;;BICICLETA BALANCE 12 RAIADA LILAS;61; -   ; 61 ; 61 ;10,90%;0,22%;;;; -   ; 61 ;;;;;; -   ; 61 ;;;;;; -   ; 61 ;;;;;; -   ; 61 ;;;;;; -   ; 61 ; -   ;0;0;
Balance;BALANCE BIKE NATHOR;100970160004;;;BICICLETA BALANCE 12 RAIADA LILAS 2;0; -   ; -   ; -   ;;;;;; -   ; -   ;;;;;; -   ; -   ;;;;;; -   ; -   ;;;;;; -   ; -   ;;;;;; -   ; -   ; -   ;0;0;
Balance;BALANCE BIKE NATHOR;100970160001;;;BICICLETA BALANCE 12 RAIADA AZUL;0; -   ; -   ; -   ;;0,00%;;;; -   ; -   ;;;;;; -   ; -   ;;;;;; -   ; -   ;;;;;; -   ; -   ;;;;;; -   ; -   ; -   ;0;0;
Balance;BALANCE BIKE NATHOR;100970160006;;;BICICLETA BALANCE 12 RAIADA AZUL 2;180; -   ; 180 ; 230 ;43,80%;0,84%;;;; -   ; 180 ;;25;25;;; -   ; 230 ;;;;;; -   ; 230 ;;;;;; -   ; 230 ;;;;;; -   ; 230 ; -   ;50;50;
Balance;BALANCE BIKE NATHOR;100970160000;;;BICICLETA BALANCE 12 RAIADA ROSA;0; -   ; -   ; -   ;;0,00%;;;; -   ; -   ;;;;;; -   ; -   ;;;;;; -   ; -   ;;;;;; -   ; -   ;;;;;; -   ; -   ; -   ;0;0;
Balance;BALANCE BIKE NATHOR;100970160007;;;BICICLETA BALANCE 12 RAIADA ROSA 2;163; -   ; 163 ; 213 ;30,01%;0,77%;;;25; -   ; 188 ;25;;;;; -   ; 213 ;;;;;; -   ; 213 ;;;;;; -   ; 213 ;;;;;; -   ; 213 ; -   ;50;50;
Capacete;CAPACETE;100810160001;0005; ;CAPACETE NATHOR AZUL ESCURO / PRETO;31; 1 ; 30 ; 270 ;12,88%;9,88%;;;; -   ; 31 ;120;;;;; -   ; 151 ;;;;;; 1 ; 150 ;;120;;;; -   ; 270 ;;;;;; -   ; 270 ; -   ;240;60;
Capacete;CAPACETE;100810160001;0062; ;CAPACETE NATHOR CORAL PINK / PRETO;50; -   ; 50 ; 170 ;2,84%;6,22%;;;120; -   ; 170 ;;;;;; -   ; 170 ;;;;;; -   ; 170 ;;;;;; -   ; 170 ;;;;;; -   ; 170 ; -   ;120;0;
Capacete;CAPACETE;100810160001;0001; ;CAPACETE NATHOR PRETO / PRETO;88; 1 ; 87 ; 207 ;12,60%;7,58%;;;; -   ; 88 ;;;;;; -   ; 88 ;;;;;120; 1 ; 207 ;;;;;; -   ; 207 ;;;;;; -   ; 207 ; -   ;120;60;
Capacete;CAPACETE;100810160001;0002; ;CAPACETE NATHOR ROSA ESCURO / PRETO;154; 1 ; 153 ; 273 ;18,40%;9,99%;;;; -   ; 154 ;;;;;; -   ; 154 ;;;;;; 1 ; 153 ;120;;;;; -   ; 273 ;;;;;; -   ; 273 ; -   ;120;120;
Capacete;CAPACETE;100810160001;0061; ;CAPACETE NATHOR TURQUEZA / PRETO;1; -   ; 1 ; 121 ;2,72%;4,43%;;;; -   ; 1 ;;;;;; -   ; 1 ;;;;120;; -   ; 121 ;;;;;; -   ; 121 ;;;;;; -   ; 121 ; -   ;120;0;
Capacete;DISNEY;100870160003;;;CAPACETE MINNIE;19; 15 ; 4 ; 244 ;;8,93%;;;; -   ; 19 ;;120;;;; -   ; 139 ;;;;;; -   ; 139 ;;;120;;; 15 ; 244 ;;;;;; -   ; 244 ; -   ;240;120;
Capacete;DISNEY;100870160002;27;;CAPACETE PRINCESAS ROSA CLARO BEBE;1; 23 ;-22 ; 218 ;11,38%;7,98%;;;; 6 ;-5 ;;;;120;; -   ; 115 ;;;;;; 1 ; 114 ;;;;120;; 16 ; 218 ;;;;;; -   ; 218 ; -   ;240;0;
Capacete;CAPACETE POLIPLAC;100830160000;0004; ;CAPACETE POLIPLAC VERMELHO;0; 100 ;-100 ;-100 ;;;;;; -   ; -   ;;;;;; 100 ;-100 ;;;;;; -   ;-100 ;;;;;; -   ;-100 ;;;;;; -   ;-100 ; -   ;0;0;
Capacete;CAPACETE SHOW DA LUNA;100850160000; ; ;CAPACETE SHOW DA LUNA;0; -   ; -   ; -   ;;;;;; -   ; -   ;;;;;; -   ; -   ;;;;;; -   ; -   ;;;;;; -   ; -   ;;;;;; -   ; -   ; -   ;0;0;
Capacete;DISNEY;100870160001;;;CAPACETE SPIDER MAN;172; 21 ; 151 ; 751 ;39,18%;27,49%;;;; -   ; 172 ;;;;;120; -   ; 292 ;120;120;;;; 3 ; 529 ;;;;;; 18 ; 511 ;120;120;;;; -   ; 751 ; -   ;600;300;
Capacete;DISNEY;100870160004;;;CAPACETE STITCH;33; 34 ;-1 ; 239 ;;8,75%;;;; 10 ; 23 ;;;120;;; -   ; 143 ;;;;;; 9 ; 134 ;;;;;120; 15 ; 239 ;;;;;; -   ; 239 ; -   ;240;120;
Capacete;DISNEY;100810160001;1001;;CAPACETE NATHOR UNICORNIO;124; 5 ; 119 ; 239 ;;8,75%;;;; -   ; 124 ;;;;;; -   ; 124 ;;;120;;; -   ; 244 ;;;;;; 5 ; 239 ;;;;;; -   ; 239 ; -   ;120;180;
Triciclo;TRICICLO NATHOR;100510160009; ; ;TRICICLO CHARM;0; -   ; -   ; -   ;;0,00%;;;; -   ; -   ;;;;;; -   ; -   ;;;;;; -   ; -   ;;;;;; -   ; -   ;;;;;; -   ; -   ; -   ;0;0;
Triciclo;TRICICLO NATHOR;100510160016;;;TRICICLO HONEY BEE;1751; 236 ; 1.515 ; 3.215 ;;11,95%;;;; 1 ; 1.750 ;;;;;; 17 ; 1.733 ;;;;;; 89 ; 1.644 ;;;;;; 91 ; 1.553 ;;;;850;850; 38 ; 3.215 ; -   ;1700;1700;
Triciclo;;;;;TRICICLO INFANTI AZUL;2; -   ; 2 ; 2 ;;0,01%;;;; -   ; 2 ;;;;;; -   ; 2 ;;;;;; -   ; 2 ;;;;;; -   ; 2 ;;;;;; -   ; 2 ; -   ;0;0;
Triciclo;;;;;TRICICLO INFANTI ROSA;0; -   ; -   ; -   ;;0,00%;;;; -   ; -   ;;;;;; -   ; -   ;;;;;; -   ; -   ;;;;;; -   ; -   ;;;;;; -   ; -   ; -   ;0;0;
Triciclo;TRICICLO DISNEY;100580160002;;;TRICICLO PRINCESAS;854; 176 ; 678 ; 1.528 ;3,16%;5,68%;;;; 1 ; 853 ;;;;;; 68 ; 785 ;;;;;; 30 ; 755 ;;;;;; 9 ; 746 ;;;850;;; 68 ; 1.528 ; -   ;850;1700;
Triciclo;TRICICLO DISNEY;100580160003;;;TRICICLO SPIDER MAN;1097; 90 ; 1.007 ; 1.857 ;3,66%;6,90%;;;; 1 ; 1.096 ;;;;;; 14 ; 1.082 ;;;;;; 29 ; 1.053 ;;;;;; 12 ; 1.041 ;;850;;;; 34 ; 1.857 ; -   ;850;1700;
Triciclo;TRICICLO NATHOR;100510160014;;;TRICICLO KIDS 4 2023;-256; 3 ;-259 ;-259 ;;-0,96%;;;; -   ;-256 ;;;;;; -   ;-256 ;;;;;; -   ;-256 ;;;;;; 3 ;-259 ;;;;;; -   ;-259 ; -   ;0;0;
Triciclo;TRICICLO NATHOR;100510160017;;;TRICICLO KIDS 5;1617; 245 ; 1.372 ; 3.072 ;9,46%;11,41%;;;; 4 ; 1.613 ;;;;;; 14 ; 1.599 ;;;;;; 86 ; 1.513 ;;;;;850; 77 ; 2.286 ;850;;;;; 64 ; 3.072 ; -   ;1700;1700;
Triciclo;TRICICLO NATHOR;100510160015;;;TRICICLO YOU 3 BOY 2023;2124; 315 ; 1.809 ; 7.759 ;35,73%;28,83%;;;850; 27 ; 2.947 ;850;850;850;850;850; 38 ; 7.159 ;850;;;;; 91 ; 7.918 ;;;;;; 125 ; 7.793 ;;;;;; 34 ; 7.759 ; -   ;5950;5950;
Triciclo;TRICICLO NATHOR;100510160012; ; ;TRICICLO YOU 3 GIRL 2020;3396; 453 ; 2.943 ; 9.743 ;40,71%;36,20%;;;; 26 ; 3.370 ;;;;;; 170 ; 3.200 ;;850;850;850;850; 96 ; 6.504 ;850;850;850;850;; 127 ; 9.777 ;;;;;; 34 ; 9.743 ; -   ;6800;5100;
Triciclo;TRICICLO FW;100550160002; ; ;TRICICLO FEELCLEAN 2;0; -   ; -   ; -   ;;0,00%;;;; -   ; -   ;;;;;; -   ; -   ;;;;;; -   ; -   ;;;;;; -   ; -   ;;;;;; -   ; -   ; -   ;0;0;
Triciclo;TRICICLO FW;100550160001;;;TRICICLO PIQUITUCHO;0; -   ; -   ; -   ;;0,00%;;;; -   ; -   ;;;;;; -   ; -   ;;;;;; -   ; -   ;;;;;; -   ; -   ;;;;;; -   ; -   ; -   ;0;0;
Suporte;SUPORTE NATHOR;101300160000;;;SUPORTE DE PAREDE ARO 26/29 PRETO;56; 2 ; 54 ; 354 ;;;;;; -   ; 56 ;;;;;; 2 ; 54 ;;;;;; -   ; 54 ;;;;;; -   ; 54 ;;;100;100;100; -   ; 354 ; -   ;300;500;
Suporte;RETROVISOR NATHOR;101140160012;;;RETROVISOR PARA BICICLETA;235; 2 ; 233 ; 233 ;;;;;; -   ; 235 ;;;;;; 2 ; 233 ;;;;;; -   ; 233 ;;;;;; -   ; 233 ;;;;;; -   ; 233 ; -   ;0;0;
;;;;;;;;;;;;;;;;;;;;;;;;;;;;;;;;;;;;;;;;;;;;;;;;
