;;;; 6.035 ;; 95.579 ; 22.108 ; 73.471 ; 96.581 ;;; 1.080 ;;;; 96.659 ;;;;;;; 96.659 ;;;;;;; 96.659 ;;;;;;; 96.659 ;;;;;;; 96.581 ;;;;
;;;;Meta;Linha;Estoque;Pedidos;Saldo;Saldo Final;;;APONTAMENTO;;02/mai;Pedidos Semana 18;Saldo;05/mai;06/mai;07/mai;08/mai;09/mai;Pedidos Semana 19;Saldo;12/mai;13/mai;14/mai;15/mai;16/mai;Pedidos Semana 20;Saldo;19/mai;20/mai;21/mai;22/mai;23/mai;Pedidos Semana 21;Saldo;26/mai;27/mai;28/mai;29/mai;30/mai;Pedidos Semana 22;Saldo;;Previsão Produção;;
Maio;cálculo de % estoque bikes Nathor;;; 3.500 ;Aro 12; 38.951 ; 14.985 ; 23.966 ; 37.117 ;;; -   ; -   ; -   ; -   ; 38.951 ; -   ; -   ; -   ; -   ; -   ; -   ; 38.951 ; -   ; -   ; -   ; -   ; -   ; -   ; 38.951 ; -   ; -   ; -   ; -   ; -   ; -   ; 38.951 ; -   ; 3.251 ; 3.300 ; 3.300 ; 3.300 ; 14.985 ; 37.117 ;; 13.151 ;;
Aro 12; 28.497 ;;; 50 ;Aro 14; 4.219 ; 914 ; 3.305 ; 3.505 ;;; -   ; -   ; -   ; -   ; 4.219 ; -   ; -   ; -   ; -   ; -   ; -   ; 4.219 ; -   ; -   ; -   ; -   ; -   ; -   ; 4.219 ; -   ; -   ; -   ; -   ; -   ; -   ; 4.219 ; 50 ; 50 ; 50 ; 50 ; -   ; 914 ; 3.505 ;; 200 ;;
Aro 14; 3.648 ;;; 660 ;Aro 16; 15.437 ; 2.328 ; 13.109 ; 16.039 ;;; -   ; -   ; -   ; -   ; 15.437 ; -   ; -   ; -   ; -   ; -   ; -   ; 15.437 ; -   ; -   ; -   ; -   ; -   ; -   ; 15.437 ; -   ; -   ; -   ; -   ; -   ; -   ; 15.437 ; 610 ; 500 ; 500 ; 660 ; 660 ; 2.328 ; 16.039 ;; 2.930 ;;
Aro 16; 13.843 ;;; 200 ;Aro 20; 2.032 ; 867 ; 1.165 ; 1.813 ;;; 54 ; -   ; -   ; -   ; 2.086 ; -   ; -   ; -   ; -   ; -   ; -   ; 2.086 ; -   ; -   ; -   ; -   ; -   ; -   ; 2.086 ; -   ; -   ; -   ; -   ; -   ; -   ; 2.086 ; 19 ; 125 ; 150 ; 150 ; 150 ; 867 ; 1.813 ;; 648 ;;
Aro 20; 1.537 ;;; -   ;Aro 24; -   ; -   ; -   ; -   ;;; -   ; -   ; -   ; -   ; -   ; -   ; -   ; -   ; -   ; -   ; -   ; -   ; -   ; -   ; -   ; -   ; -   ; -   ; -   ; -   ; -   ; -   ; -   ; -   ; -   ; -   ; -   ; -   ; -   ; -   ; -   ; -   ; -   ;; -   ;;
Aro 24; 8 ;;; 5 ;Aro 26; 21 ; 18 ; 3 ; 3 ;;; -   ; -   ; -   ; -   ; 21 ; -   ; -   ; -   ; -   ; -   ; -   ; 21 ; -   ; -   ; -   ; -   ; -   ; -   ; 21 ; -   ; -   ; -   ; -   ; -   ; -   ; 21 ; -   ; -   ; -   ; -   ; -   ; 18 ; 3 ;; -   ;;
Aro 26; 3 ;;; -   ;Aro 29; -   ; -   ; -   ; -   ;;; -   ; -   ; -   ; -   ; -   ; -   ; -   ; -   ; -   ; -   ; -   ; -   ; -   ; -   ; -   ; -   ; -   ; -   ; -   ; -   ; -   ; -   ; -   ; -   ; -   ; -   ; -   ; -   ; -   ; -   ; -   ; -   ; -   ;; -   ;;
Balance; 21.265 ;;; 650 ;Balance; 22.243 ; 1.785 ; 20.458 ; 22.419 ;;; 106 ; -   ; -   ; -   ; 22.349 ; -   ; -   ; -   ; -   ; -   ; -   ; 22.349 ; -   ; -   ; -   ; -   ; -   ; -   ; 22.349 ; -   ; -   ; -   ; -   ; -   ; -   ; 22.349 ; -   ; 155 ; 575 ; 575 ; 550 ; 1.785 ; 22.419 ;; 1.961 ;;
Triciclo; 13.997 ;;; 120 ;Capacete; 1.547 ; 254 ; 1.293 ; 1.688 ;;; 95 ; -   ; -   ; -   ; 1.642 ; -   ; -   ; -   ; -   ; -   ; -   ; 1.642 ; -   ; -   ; -   ; -   ; -   ; -   ; 1.642 ; -   ; -   ; -   ; -   ; -   ; -   ; 1.642 ; -   ; -   ; 100 ; 100 ; 100 ; 254 ; 1.688 ;; 395 ;;
Capacete; 1.688 ;;; 850 ;Triciclo; 11.129 ; 957 ; 10.172 ; 13.997 ;;; 825 ; -   ; -   ; -   ; 11.954 ; -   ; -   ; -   ; -   ; -   ; -   ; 11.954 ; -   ; -   ; -   ; -   ; -   ; -   ; 11.954 ; -   ; -   ; -   ; -   ; -   ; -   ; 11.954 ; -   ; 750 ; 750 ; 750 ; 750 ; 957 ; 13.997 ;; 3.825 ;;
;;;;;; 95.579 ; 22.108 ; 73.471 ; 96.581 ;;;;;;; 96.659 ;;;;;;; 96.659 ;;;;;;; 96.659 ;;;;;;; 96.659 ;;;;;;; 96.581 ;;;;
Linha;Descricao Familia;Codigo Produto;Compl. 1;Compl. 2;Descricao Produto;Estoque;Pedidos;Saldo; Saldo Final ;%historico;%real;APONTAMENTO;;02/mai;Pedidos Semana 18;Saldo;05/mai;06/mai;07/mai;08/mai;09/mai;Pedidos Semana 19;Saldo;12/mai;13/mai;14/mai;15/mai;16/mai;Pedidos Semana 20;Saldo;19/mai;20/mai;21/mai;22/mai;23/mai;Pedidos Semana 21;Saldo;26/mai;27/mai;28/mai;29/mai;30/mai;Pedidos Semana 22;Saldo;;Previsão Produção;;
Aro 12;BICICLETA NATHOR ARO 12;100010160051; ; ;BICICLETA ARO 12 ANTONELLA BABY ROSA 02;0; -   ; -   ; -   ;;0,00%;;;; -   ; -   ;;;;;; -   ; -   ;;;;;; -   ; -   ;;;;;; -   ; -   ;;;;;; -   ; -   ; -   ;0;;
Aro 12;BICICLETA NATHOR ARO 12;100010160026;;;BICICLETA ARO 12 AQUA 2;0; -   ; -   ; -   ;;0,00%;;;; -   ; -   ;;;;;; -   ; -   ;;;;;; -   ; -   ;;;;;; -   ; -   ;;;;;; -   ; -   ; -   ;0;;
Aro 12;BICICLETA ABSOLUTE ARO 12;100780160000;;;BICICLETA ARO 12 ABSOLUTE KIDS DINO;0; -   ; -   ; -   ;;0,00%;;;; -   ; -   ;;;;;; -   ; -   ;;;;;; -   ; -   ;;;;;; -   ; -   ;;;;;; -   ; -   ; -   ;0;;
Aro 12;BICICLETA ABSOLUTE ARO 12;100780160001;;;BICICLETA ARO 12 ABSOLUTE KIDS UNIC;0; -   ; -   ; -   ;;;;;; -   ; -   ;;;;;; -   ; -   ;;;;;; -   ; -   ;;;;;; -   ; -   ;;;;;; -   ; -   ; -   ;0;;
Aro 12;BICICLETA ABSOLUTE ARO 12;100780160002;;;BICICLETA ARO 12 ABSOLUTE KIDS TUBA;0; -   ; -   ; -   ;;;;;; -   ; -   ;;;;;; -   ; -   ;;;;;; -   ; -   ;;;;;; -   ; -   ;;;;;; -   ; -   ; -   ;0;;
Aro 12;BICICLETA ABSOLUTE ARO 12;100780160003;;;BICICLETA ARO 12 ABSOLUTE KIDS PRINC;0; -   ; -   ; -   ;;;;;; -   ; -   ;;;;;; -   ; -   ;;;;;; -   ; -   ;;;;;; -   ; -   ;;;;;; -   ; -   ; -   ;0;;
Aro 12;;100690160001;;;BICICLETA ARO 12 ALEGRIA;0; -   ; -   ; -   ;;;;;; -   ; -   ;;;;;; -   ; -   ;;;;;; -   ; -   ;;;;;; -   ; -   ;;;;;; -   ; -   ; -   ;0;;
Aro 12;;101350160000;;;BICICLETA ARO 12 BARBIE;2286; 53 ; 2.233 ; 2.233 ;;7,84%;;;; -   ; 2.286 ;;;;;; -   ; 2.286 ;;;;;; -   ; 2.286 ;;;;;; -   ; 2.286 ;;;;;; 53 ; 2.233 ; -   ;0;;
Aro 12;BICICLETA NATHOR ARO 12;100010160035; ; ;BICICLETA ARO 12 BLACK 12 4;3256; 2.778 ; 478 ; 478 ;15,12%;1,68%;;;; -   ; 3.256 ;;;;;; -   ; 3.256 ;;;;;; -   ; 3.256 ;;;;;; -   ; 3.256 ;;;;;; 2.778 ; 478 ; -   ;0;;
Aro 12;BICICLETA NATHOR ARO 12;100010160039; ; ;BICICLETA ARO 12 CAT 01 SELIM PU;1496; 148 ; 1.348 ; 1.348 ;4,63%;4,73%;;;; -   ; 1.496 ;;;;;; -   ; 1.496 ;;;;;; -   ; 1.496 ;;;;;; -   ; 1.496 ;;;;;; 148 ; 1.348 ; -   ;0;;
Aro 12;BICICLETA CALOI ARO 12;100150160020;;;BICICLETA ARO 12 CECIZINHA 2023;1251; 139 ; 1.112 ; 1.112 ;0,88%;3,90%;;;; -   ; 1.251 ;;;;;; -   ; 1.251 ;;;;;; -   ; 1.251 ;;;;;; -   ; 1.251 ;;;;;; 139 ; 1.112 ; -   ;0;;
Aro 12;BICICLETA NATHOR ARO 12;100010160050; ; ;BICICLETA ARO 12 CHARM;1617; 999 ; 618 ; 618 ;5,35%;2,17%;;;; -   ; 1.617 ;;;;;; -   ; 1.617 ;;;;;; -   ; 1.617 ;;;;;; -   ; 1.617 ;;;;;; 999 ; 618 ; -   ;0;;
Aro 12;BICICLETA WCA ARO 12;100730160001;;;BICICLETA ARO 12 DINOSSAURO;0; -   ; -   ; -   ;;;;;; -   ; -   ;;;;;; -   ; -   ;;;;;; -   ; -   ;;;;;; -   ; -   ;;;;;; -   ; -   ; -   ;0;;
Aro 12;BICICLETA CICLO CAIRU ARO 12;100170160014;;;BICICLETA ARO 12 FEMININA LILLY 03;0; -   ; -   ; -   ;;;;;; -   ; -   ;;;;;; -   ; -   ;;;;;; -   ; -   ;;;;;; -   ; -   ;;;;;; -   ; -   ; -   ;0;;
Aro 12;BICICLETA CICLO CAIRU ARO 12;100170160010; ; ;BICICLETA ARO 12 FEMININA VIOLETA 02;0; -   ; -   ; -   ;;;;;; -   ; -   ;;;;;; -   ; -   ;;;;;; -   ; -   ;;;;;; -   ; -   ;;;;;; -   ; -   ; -   ;0;;
Aro 12;BICICLETA NATHOR ARO 12;100010160036; ; ;BICICLETA ARO 12 FIRE MAN 10;0; -   ; -   ; -   ;9,78%;0,00%;;;; -   ; -   ;;;;;; -   ; -   ;;;;;; -   ; -   ;;;;;; -   ; -   ;;;;;; -   ; -   ; -   ;0;;
Aro 12;BICICLETA NATHOR ARO 12;100010160054;;;BICICLETA ARO 12 FIRE MAN 11;91; 630 ;-539 ; 2.761 ;9,78%;9,69%;;;; -   ; 91 ;;;;;; -   ; 91 ;;;;;; -   ; 91 ;;;;;; -   ; 91 ;;;;;3300; 630 ; 2.761 ;;3300;;
Aro 12;BICICLETA NATHOR ARO 12;100010160038; ; ;BICICLETA ARO 12 FLOWER 11;1308; 3.204 ;-1.896 ; 4.704 ;22,65%;16,51%;;;; -   ; 1.308 ;;;;;; -   ; 1.308 ;;;;;; -   ; 1.308 ;;;;;; -   ; 1.308 ;;;3300;3300;; 3.204 ; 4.704 ; -   ;6600;;
Aro 12;;;;;BICICLETA ARO 12 GTS FEMININA;0; -   ; -   ; -   ;;0,00%;;;; -   ; -   ;;;;;; -   ; -   ;;;;;; -   ; -   ;;;;;; -   ; -   ;;;;;; -   ; -   ; -   ;0;;
Aro 12;;;;;BICICLETA ARO 12 GTS MASCULINA VERDE;0; -   ; -   ; -   ;;0,00%;;;; -   ; -   ;;;;;; -   ; -   ;;;;;; -   ; -   ;;;;;; -   ; -   ;;;;;; -   ; -   ; -   ;0;;
Aro 12;BICICLETA DISNEY ARO 12;101350160001;;;BICICLETA ARO 12 HOT WHEELS;2385; 299 ; 2.086 ; 2.086 ;;7,32%;;;; -   ; 2.385 ;;;;;; -   ; 2.385 ;;;;;; -   ; 2.385 ;;;;;; -   ; 2.385 ;;;;;; 299 ; 2.086 ; -   ;0;;
Aro 12;;100620160000;;;BICICLETA ARO 12 INFANTI PT/VD;1801; 1.800 ; 1 ; 1 ;;;;;; -   ; 1.801 ;;;;;; -   ; 1.801 ;;;;;; -   ; 1.801 ;;;;;; -   ; 1.801 ;;;;;; 1.800 ; 1 ; -   ;0;;
Aro 12;;100620160001;;;BICICLETA ARO 12 INFANTI RS/VD;1801; 1.800 ; 1 ; 1 ;;;;;; -   ; 1.801 ;;;;;; -   ; 1.801 ;;;;;; -   ; 1.801 ;;;;;; -   ; 1.801 ;;;;;; 1.800 ; 1 ; -   ;0;;
Aro 12;BICICLETA NATHOR ARO 12;100720160000;;;BICICLETA ARO 12 KIKO E KIKA FEMININA;0; -   ; -   ; -   ;;;;;; -   ; -   ;;;;;; -   ; -   ;;;;;; -   ; -   ;;;;;; -   ; -   ;;;;;; -   ; -   ; -   ;0;;
Aro 12;BICICLETA KIKO E KIKA ARO 12;100720160001;;;BICICLETA ARO 12 KIKO E KIKA MASCULINA;0; -   ; -   ; -   ;;;;;; -   ; -   ;;;;;; -   ; -   ;;;;;; -   ; -   ;;;;;; -   ; -   ;;;;;; -   ; -   ; -   ;0;;
Aro 12;BICICLETA CICLO CAIRU ARO 12;100170160016;;;BICICLETA ARO 12 MASCULINA BIG BOY 03;0; -   ; -   ; -   ;;;;;; -   ; -   ;;;;;; -   ; -   ;;;;;; -   ; -   ;;;;;; -   ; -   ;;;;;; -   ; -   ; -   ;0;;
Aro 12;BICICLETA CICLO CAIRU ARO 12;100170160017; ; ;BICICLETA ARO 12 MASCULINA LION 03;0; -   ; -   ; -   ;;;;;; -   ; -   ;;;;;; -   ; -   ;;;;;; -   ; -   ;;;;;; -   ; -   ;;;;;; -   ; -   ; -   ;0;;
Aro 12;BICICLETA CICLO CAIRU ARO 12;100170160018;;;BICICLETA ARO 12 MASCULINA WATER MAN 03;0; -   ; -   ; -   ;;;;;; -   ; -   ;;;;;; -   ; -   ;;;;;; -   ; -   ;;;;;; -   ; -   ;;;;;; -   ; -   ; -   ;0;;
Aro 12;BICICLETA NATHOR ARO 12;100010160047; ; ;BICICLETA ARO 12 MECHANIC;3058; 138 ; 2.920 ; 2.920 ;5,37%;10,25%;;;; -   ; 3.058 ;;;;;; -   ; 3.058 ;;;;;; -   ; 3.058 ;;;;;; -   ; 3.058 ;;;;;; 138 ; 2.920 ; -   ;0;;
Aro 12;BICICLETA DISNEY ARO 12;101260160002;;;BICICLETA ARO 12 MICKEY;1432; 547 ; 885 ; 885 ;2,16%;3,11%;;;; -   ; 1.432 ;;;;;; -   ; 1.432 ;;;;;; -   ; 1.432 ;;;;;; -   ; 1.432 ;;;;;; 547 ; 885 ; -   ;0;;
Aro 12;BICICLETA DISNEY ARO 12;;;;BICICLETA ARO 12 MINNIE;2293; 43 ; 2.250 ; 2.250 ;;7,90%;;;; -   ; 2.293 ;;;;;; -   ; 2.293 ;;;;;; -   ; 2.293 ;;;;;; -   ; 2.293 ;;;;;; 43 ; 2.250 ; -   ;0;;
Aro 12;BICICLETA MILANO ARO 12;101270160000;;;BICICLETA ARO 12 MILANO BELLA;0; -   ; -   ; -   ;;;;;; -   ; -   ;;;;;; -   ; -   ;;;;;; -   ; -   ;;;;;; -   ; -   ;;;;;; -   ; -   ; -   ;0;;
Aro 12;BICICLETA MILANO ARO 12;101270160001;;;BICICLETA ARO 12 MILANO NINO AZUL;0; -   ; -   ; -   ;;;;;; -   ; -   ;;;;;; -   ; -   ;;;;;; -   ; -   ;;;;;; -   ; -   ;;;;;; -   ; -   ; -   ;0;;
Aro 12;BICICLETA MILANO ARO 12;101270160002;;;BICICLETA ARO 12 MILANO NINO VERMELHA;0; -   ; -   ; -   ;;;;;; -   ; -   ;;;;;; -   ; -   ;;;;;; -   ; -   ;;;;;; -   ; -   ;;;;;; -   ; -   ; -   ;0;;
Aro 12;BICICLETA NATHOR ARO 12;100010160048; ; ;BICICLETA ARO 12 MOTOR X;99; 187 ;-88 ;-88 ;3,00%;-0,31%;;;; -   ; 99 ;;;;;; -   ; 99 ;;;;;; -   ; 99 ;;;;;; -   ; 99 ;;;;;; 187 ;-88 ; -   ;0;;
Aro 12;BICICLETA MILANO ARO 13;100010160053;;;BICICLETA ARO 12 PETS;2090; 41 ; 2.049 ; 2.049 ;;7,19%;;;; -   ; 2.090 ;;;;;; -   ; 2.090 ;;;;;; -   ; 2.090 ;;;;;; -   ; 2.090 ;;;;;; 41 ; 2.049 ; -   ;0;;
Aro 12;BICICLETA CALOI ARO 12;100150160021;;;BICICLETA ARO 12 POWER REX 2023;1398; 10 ; 1.388 ; 1.388 ;0,75%;4,87%;;;; -   ; 1.398 ;;;;;; -   ; 1.398 ;;;;;; -   ; 1.398 ;;;;;; -   ; 1.398 ;;;;;; 10 ; 1.388 ; -   ;0;;
Aro 12;BICICLETA DISNEY ARO 12;101260160001;;;BICICLETA ARO 12 PRINCESAS;4062; 17 ; 4.045 ; 4.045 ;3,44%;14,19%;;;; -   ; 4.062 ;;;;;; -   ; 4.062 ;;;;;; -   ; 4.062 ;;;;;; -   ; 4.062 ;;;;;; 17 ; 4.045 ; -   ;0;;
Aro 12;BICICLETA WCA ARO 12;100730160000;;;BICICLETA ARO 12 SEREIA;0; -   ; -   ; -   ;;;;;; -   ; -   ;;;;;; -   ; -   ;;;;;; -   ; -   ;;;;;; -   ; -   ;;;;;; -   ; -   ; -   ;0;;
Aro 12;BICICLETA DISNEY ARO 12;101260160000;;;BICICLETA ARO 12 SPIDER MAN;346; 1.142 ;-796 ; 2.455 ;9,87%;8,61%;;;; -   ; 346 ;;;;;; -   ; 346 ;;;;;; -   ; 346 ;;;;;; -   ; 346 ;;3251;;;; 1.142 ; 2.455 ; -   ;3251;;
Aro 12;BICICLETA DISNEY ARO 12;101260160004;;;BICICLETA ARO 12 STITCH;1136; 46 ; 1.090 ; 1.090 ;1,45%;3,82%;;;; -   ; 1.136 ;;;;;; -   ; 1.136 ;;;;;; -   ; 1.136 ;;;;;; -   ; 1.136 ;;;;;; 46 ; 1.090 ; -   ;0;;
Aro 12;BICICLETA NATHOR ARO 12;100010160040; ; ;BICICLETA ARO 12 VELOZ 2;4764; 787 ; 3.977 ; 3.977 ;8,14%;13,96%;;;; -   ; 4.764 ;;;;;; -   ; 4.764 ;;;;;; -   ; 4.764 ;;;;;; -   ; 4.764 ;;;;;; 787 ; 3.977 ; -   ;0;;
Aro 12;BICICLETA NATHOR ARO 12;100010160052;;;BICICLETA ARO 12 VIOLET 4;981; 177 ; 804 ; 804 ;7,42%;2,82%;;;; -   ; 981 ;;;;;; -   ; 981 ;;;;;; -   ; 981 ;;;;;; -   ; 981 ;;;;;; 177 ; 804 ; -   ;0;;
Aro 12;BICICLETA ARO 12 XICORIA;100320160002; ; ;BICICLETA ARO 12 XICORIA BOY MOD 02;0; -   ; -   ; -   ;;;;;; -   ; -   ;;;;;; -   ; -   ;;;;;; -   ; -   ;;;;;; -   ; -   ;;;;;; -   ; -   ; -   ;0;;
Aro 12;BICICLETA ARO 12 XICORIA;100320160003; ; ;BICICLETA ARO 12 XICORIA GIRL MOD 02;0; -   ; -   ; -   ;;;;;; -   ; -   ;;;;;; -   ; -   ;;;;;; -   ; -   ;;;;;; -   ; -   ;;;;;; -   ; -   ; -   ;0;;
Aro 12;BICICLETA HOUSTON;100040160007; ; ;KIT BICICLETA ARO 12 FEMININA BRANCA;0; -   ; -   ; -   ;;;;;; -   ; -   ;;;;;; -   ; -   ;;;;;; -   ; -   ;;;;;; -   ; -   ;;;;;; -   ; -   ; -   ;0;;
Aro 12;BICICLETA HOUSTON;100040160008; ; ;KIT BICICLETA ARO 12 FEMININA ROSA;0; -   ; -   ; -   ;;;;;; -   ; -   ;;;;;; -   ; -   ;;;;;; -   ; -   ;;;;;; -   ; -   ;;;;;; -   ; -   ; -   ;0;;
Aro 12;BICICLETA HOUSTON;100040160009; ; ;KIT BICICLETA ARO 12 MASCULINA BRANCA;0; -   ; -   ; -   ;;;;;; -   ; -   ;;;;;; -   ; -   ;;;;;; -   ; -   ;;;;;; -   ; -   ;;;;;; -   ; -   ; -   ;0;;
Aro 12;BICICLETA HOUSTON;100040160010; ; ;KIT BICICLETA ARO 12 MASCULINA VERMELHA;0; -   ; -   ; -   ;;;;;; -   ; -   ;;;;;; -   ; -   ;;;;;; -   ; -   ;;;;;; -   ; -   ;;;;;; -   ; -   ; -   ;0;;
Aro 12;;;;;BICICLETA FIAT FEMININA;0; -   ; -   ; -   ;;;;;; -   ; -   ;;;;;; -   ; -   ;;;;;; -   ; -   ;;;;;; -   ; -   ;;;;;; -   ; -   ; -   ;0;;
Aro 12;;;;;BICICLETA FIAT MASCULINA;0; -   ; -   ; -   ;;;;;; -   ; -   ;;;;;; -   ; -   ;;;;;; -   ; -   ;;;;;; -   ; -   ;;;;;; -   ; -   ; -   ;0;;
Aro 14;BICICLETA DECATHLON ARO 14;100190160006; ; ;BICICLETA ARO 14 BTWIN 500 MINI MONSTER;290; 1 ; 289 ; 289 ;;;;;; -   ; 290 ;;;;;; -   ; 290 ;;;;;; -   ; 290 ;;;;;; -   ; 290 ;;;;;; 1 ; 289 ; -   ;0;;
Aro 14;BICICLETA DECATHLON ARO 14;100190160003; ; ;"BICICLETA ARO 14 BTWIN ROBOT 14""";100; 601 ;-501 ;-501 ;;;;;; -   ; 100 ;;;;;; -   ; 100 ;;;;;; -   ; 100 ;;;;;; -   ; 100 ;;;;;; 601 ;-501 ; -   ;0;;
Aro 14;BICICLETA DECATHLON ARO 14;100190160004; ; ;"BICICLETA ARO 14 BTWIN UNICORN 14""";170; 301 ;-131 ; 69 ;;;;;; -   ; 170 ;;;;;; -   ; 170 ;;;;;; -   ; 170 ;;;;;; -   ; 170 ;50;50;50;50;; 301 ; 69 ; -   ;200;;
Aro 14;BICICLETA CALOI ARO 14;100340160002;;;BICICLETA ARO 14 CECIZINHA MOD 2022;0; -   ; -   ; -   ;;0%;;;; -   ; -   ;;;;;; -   ; -   ;;;;;; -   ; -   ;;;;;; -   ; -   ;;;;;; -   ; -   ; -   ;0;;
Aro 14;BICICLETA CALOI ARO 14;100340160004;;;BICICLETA ARO 14 CECIZINHA MOD 2024;388; 2 ; 386 ; 386 ;9,22%;11%;;;; -   ; 388 ;;;;;; -   ; 388 ;;;;;; -   ; 388 ;;;;;; -   ; 388 ;;;;;; 2 ; 386 ; -   ;0;;
Aro 14;BICICLETA NATHOR ARO 14;100160160006;0001; ;BICICLETA ARO 14 FIRST PRO FEMININA 03;0; -   ; -   ; -   ;36,87%;0%;;;; -   ; -   ;;;;;; -   ; -   ;;;;;; -   ; -   ;;;;;; -   ; -   ;;;;;; -   ; -   ; -   ;0;;
Aro 14;BICICLETA NATHOR ARO 14;100160160008;;;BICICLETA ARO 14 FIRST PRO FEMININA 4;850; 1 ; 849 ; 849 ;;23%;;;; -   ; 850 ;;;;;; -   ; 850 ;;;;;; -   ; 850 ;;;;;; -   ; 850 ;;;;;; 1 ; 849 ; -   ;0;;
Aro 14;BICICLETA NATHOR ARO 14;100160160010;;;BICICLETA ARO 14 FIRST PRO FEMININA 5;250; -   ; 250 ; 250 ;;7%;;;; -   ; 250 ;;;;;; -   ; 250 ;;;;;; -   ; 250 ;;;;;; -   ; 250 ;;;;;; -   ; 250 ;;0;;
Aro 14;BICICLETA NATHOR ARO 14;100160160003;0001; ;BICICLETA ARO 14 FIRST PRO MASCULINA 02;0; -   ; -   ; -   ;44,89%;0%;;;; -   ; -   ;;;;;; -   ; -   ;;;;;; -   ; -   ;;;;;; -   ; -   ;;;;;; -   ; -   ; -   ;0;;
Aro 14;BICICLETA NATHOR ARO 14;100160160007;;;BICICLETA ARO 14 FIRST PRO MASCULINA 3;1507; 6 ; 1.501 ; 1.501 ;;41%;;;; -   ; 1.507 ;;;;;; -   ; 1.507 ;;;;;; -   ; 1.507 ;;;;;; -   ; 1.507 ;;;;;; 6 ; 1.501 ; -   ;0;;
Aro 14;BICICLETA NATHOR ARO 14;100160160009;;;BICICLETA ARO 14 FIRST PRO MASCULINA 4;233; -   ; 233 ; 233 ;;6%;;;; -   ; 233 ;;;;;; -   ; 233 ;;;;;; -   ; 233 ;;;;;; -   ; 233 ;;;;;; -   ; 233 ;;0;;
Aro 14;BICICLETA CALOI ARO 14;100340160005;;;BICICLETA ARO 14 ZIGBIM MOD 2024;431; 2 ; 429 ; 429 ;9,02%;12%;;;; -   ; 431 ;;;;;; -   ; 431 ;;;;;; -   ; 431 ;;;;;; -   ; 431 ;;;;;; 2 ; 429 ; -   ;0;;
Aro 14;BICICLETA CALOI ARO 14;100340160003;;;BICICLETA ARO 14 ZIGBIM MOD 2022;0; -   ; -   ; -   ;;0%;;;; -   ; -   ;;;;;; -   ; -   ;;;;;; -   ; -   ;;;;;; -   ; -   ;;;;;; -   ; -   ; -   ;0;;
Aro 16;BICICLETA NATHOR ARO 16;100790160000;;;BICICLETA ARO 16 ABSOLUTE KIDS DINO;0; -   ; -   ; -   ;;;;;; -   ; -   ;;;;;; -   ; -   ;;;;;; -   ; -   ;;;;;; -   ; -   ;;;;;; -   ; -   ; -   ;0;;
Aro 16;BICICLETA NATHOR ARO 16;100790160001;;;BICICLETA ARO 16 ABSOLUTE KIDS UNIC;0; -   ; -   ; -   ;;;;;; -   ; -   ;;;;;; -   ; -   ;;;;;; -   ; -   ;;;;;; -   ; -   ;;;;;; -   ; -   ; -   ;0;;
Aro 16;BICICLETA NATHOR ARO 16;100130160019;;;BICICLETA ARO 16 ANTONELLA ABS VERDE;0; -   ; -   ; -   ;;;;;; -   ; -   ;;;;;; -   ; -   ;;;;;; -   ; -   ;;;;;; -   ; -   ;;;;;; -   ; -   ; -   ;0;;
Aro 16;BICICLETA NATHOR ARO 16;100130160021; ; ;BICICLETA ARO 16 APOLLO 3;0; -   ; -   ; -   ;;;;;; -   ; -   ;;;;;; -   ; -   ;;;;;; -   ; -   ;;;;;; -   ; -   ;;;;;; -   ; -   ; -   ;0;;
Aro 16;BICICLETA NATHOR ARO 16;100130160029;;;BICICLETA ARO 16 APOLLO 4;1012; 3 ; 1.009 ; 1.009 ;3,12%;7,29%;;;; -   ; 1.012 ;;;;;; -   ; 1.012 ;;;;;; -   ; 1.012 ;;;;;; -   ; 1.012 ;;;;;; 3 ; 1.009 ; -   ;0;;
Aro 16;BICICLETA NATHOR ARO 16;101250160005;;;BICICLETA ARO 16 ARIEL;0; -   ; -   ; -   ;;;;;; -   ; -   ;;;;;; -   ; -   ;;;;;; -   ; -   ;;;;;; -   ; -   ;;;;;; -   ; -   ; -   ;0;;
Aro 16;BICICLETA DISNEY ARO 16;101360160000;;;BICICLETA ARO 16 BARBIE;109; 179 ;-70 ; 540 ;;3,90%;;;; -   ; 109 ;;;;;; -   ; 109 ;;;;;; -   ; 109 ;;;;;; -   ; 109 ;610;;;;; 179 ; 540 ; -   ;610;;
Aro 16;BICICLETA DECATLHON ARO 16;100280160013;;;BICICLETA ARO 16 BTWIN AMARELA;0; 250 ;-250 ; -   ;;;;;; -   ; -   ;;;;;; -   ; -   ;;;;;; -   ; -   ;;;;;; -   ; -   ;;250;;;; 250 ; -   ; -   ;250;;
Aro 16;BICICLETA DECATLHON ARO 16;100280160001; ; ;BICICLETA ARO 16 BTWIN DOCTOR GIRL;0; -   ; -   ; -   ;;;;;; -   ; -   ;;;;;; -   ; -   ;;;;;; -   ; -   ;;;;;; -   ; -   ;;;;;; -   ; -   ; -   ;0;;
Aro 16;BICICLETA DECATLHON ARO 16;100280160000; ; ;BICICLETA ARO 16 BTWIN JACK PIRABIKE;0; -   ; -   ; -   ;;;;;; -   ; -   ;;;;;; -   ; -   ;;;;;; -   ; -   ;;;;;; -   ; -   ;;;;;; -   ; -   ; -   ;0;;
Aro 16;BICICLETA DECATLHON ARO 16;100280160003; ; ;BICICLETA ARO 16 BTWIN MONSTER TRUCK ;0; -   ; -   ; -   ;;;;;; -   ; -   ;;;;;; -   ; -   ;;;;;; -   ; -   ;;;;;; -   ; -   ;;;;;; -   ; -   ; -   ;0;;
Aro 16;BICICLETA DECATLHON ARO 16;100280160005; ; ;BICICLETA ARO 16 BTWIN ROBOT;0; 101 ;-101 ;-101 ;;;;;; -   ; -   ;;;;;; -   ; -   ;;;;;; -   ; -   ;;;;;; -   ; -   ;;;;;; 101 ;-101 ; -   ;0;;
Aro 16;BICICLETA DECATLHON ARO 16;100280160012;;;BICICLETA ARO 16 BTWIN 500 PRATA/VERMELHA;0; 200 ;-200 ; 100 ;;;;;; -   ; -   ;;;;;; -   ; -   ;;;;;; -   ; -   ;;;;;; -   ; -   ;;250;50;;; 200 ; 100 ; -   ;300;;
Aro 16;BICICLETA DECATLHON ARO 16;100280160006; ; ;BICICLETA ARO 16 BTWIN UNICORNIO;0; 1 ;-1 ;-1 ;;;;;; -   ; -   ;;;;;; -   ; -   ;;;;;; -   ; -   ;;;;;; -   ; -   ;;;;;; 1 ;-1 ; -   ;0;;
Aro 16;BICICLETA DECATLHON ARO 16;100280160007; ; ;BICICLETA ARO 16 BTWIN 100 DINO 2022;0; -   ; -   ; -   ;;;;;; -   ; -   ;;;;;; -   ; -   ;;;;;; -   ; -   ;;;;;; -   ; -   ;;;;;; -   ; -   ; -   ;0;;
Aro 16;BICICLETA DECATLHON ARO 16;100280160008; ; ;BICICLETA ARO 16 BTWIN 100 DOCTOR 2022;0; -   ; -   ; -   ;;;;;; -   ; -   ;;;;;; -   ; -   ;;;;;; -   ; -   ;;;;;; -   ; -   ;;;;;; -   ; -   ; -   ;0;;
Aro 16;BICICLETA DECATLHON ARO 16;100280160009; ; ;BICICLETA ARO 16 BTWIN ORIGINAL 500 2022;0; 1 ;-1 ;-1 ;;;;;; -   ; -   ;;;;;; -   ; -   ;;;;;; -   ; -   ;;;;;; -   ; -   ;;;;;; 1 ;-1 ; -   ;0;;
Aro 16;BICICLETA DECATLHON ARO 16;100280160010; ; ;BICICLETA ARO 16 BTWIN DARK HERO 2022;2; 1 ; 1 ; 101 ;;;;;; -   ; 2 ;;;;;; -   ; 2 ;;;;;; -   ; 2 ;;;;;; -   ; 2 ;;;100;;; 1 ; 101 ; -   ;100;;
Aro 16;BICICLETA DECATLHON ARO 16;100280160011; ; ;BICICLETA ARO 16 BTWIN CRUISER 500 2022;0; -   ; -   ; -   ;;;;;; -   ; -   ;;;;;; -   ; -   ;;;;;; -   ; -   ;;;;;; -   ; -   ;;;;;; -   ; -   ; -   ;0;;
Aro 16;BICICLETA DISNEY ARO 16;101250160001;;;BICICLETA ARO 16 CAPITAO AMERICA;0; -   ; -   ; -   ;;;;;; -   ; -   ;;;;;; -   ; -   ;;;;;; -   ; -   ;;;;;; -   ; -   ;;;;;; -   ; -   ; -   ;0;;
Aro 16;BICICLETA DISNEY ARO 16;101250160012;;;BICICLETA ARO 16 CAPITAO AMERICA 02;404; 24 ; 380 ; 870 ;3,60%;6,28%;;;; -   ; 404 ;;;;;; -   ; 404 ;;;;;; -   ; 404 ;;;;;; -   ; 404 ;;;;;490; 24 ; 870 ; -   ;490;;
Aro 16;;100640160000;;;BICICLETA ARO 16 CHILIQUE;0; -   ; -   ; -   ;;;;;; -   ; -   ;;;;;; -   ; -   ;;;;;; -   ; -   ;;;;;; -   ; -   ;;;;;; -   ; -   ; -   ;0;;
Aro 16;;100640160001;;;BICICLETA ARO 16 FÊ DENGOSA;0; -   ; -   ; -   ;;;;;; -   ; -   ;;;;;; -   ; -   ;;;;;; -   ; -   ;;;;;; -   ; -   ;;;;;; -   ; -   ; -   ;0;;
Aro 16;BICICLETA NATHOR ARO 16;101250160004;;;BICICLETA ARO 16 FROZEN;0; -   ; -   ; -   ;;;;;; -   ; -   ;;;;;; -   ; -   ;;;;;; -   ; -   ;;;;;; -   ; -   ;;;;;; -   ; -   ; -   ;0;;
Aro 16;BICICLETA DISNEY ARO 16;101250160011;;;BICICLETA ARO 16 FROZEN 02;1136; 2 ; 1.134 ; 1.134 ;6,94%;8,19%;;;; -   ; 1.136 ;;;;;; -   ; 1.136 ;;;;;; -   ; 1.136 ;;;;;; -   ; 1.136 ;;;;;; 2 ; 1.134 ; -   ;0;;
Aro 16;BICICLETA DISNEY ARO 16;101250160002;;;BICICLETA ARO 16 HOMEM DE FERRO;0; -   ; -   ; -   ;;;;;; -   ; -   ;;;;;; -   ; -   ;;;;;; -   ; -   ;;;;;; -   ; -   ;;;;;; -   ; -   ; -   ;0;;
Aro 16;BICICLETA DISNEY ARO 16;101250160010;;;BICICLETA ARO 16 HOMEM DE FERRO 02;434; 14 ; 420 ; 770 ;2,69%;5,56%;;;; -   ; 434 ;;;;;; -   ; 434 ;;;;;; -   ; 434 ;;;;;; -   ; 434 ;;;350;;; 14 ; 770 ; -   ;350;;
Aro 16;;;;;BICICLETA ARO 16 GTS FEMININA;0; 395 ;-395 ; 20 ;;0,14%;;;; -   ; -   ;;;;;; -   ; -   ;;;;;; -   ; -   ;;;;;; -   ; -   ;;;;415;; 395 ; 20 ; -   ;415;;
Aro 16;;;;;BICICLETA ARO 16 GTS MASCULINA;0; -   ; -   ; 415 ;;3,00%;;;; -   ; -   ;;;;;; -   ; -   ;;;;;; -   ; -   ;;;;;; -   ; -   ;;;;245;170; -   ; 415 ; -   ;415;;
Aro 16;BICICLETA DISNEY ARO 16;101360160001;;;BICICLETA ARO 16 HOT WHEELS;1485; 10 ; 1.475 ; 1.475 ;;;;;; -   ; 1.485 ;;;;;; -   ; 1.485 ;;;;;; -   ; 1.485 ;;;;;; -   ; 1.485 ;;;;;; 10 ; 1.475 ; -   ;0;;
Aro 16;;;;;BICICLETA ARO 16 INFANTI ROSA;415; 225 ; 190 ; 190 ;;;;;; -   ; 415 ;;;;;; -   ; 415 ;;;;;; -   ; 415 ;;;;;; -   ; 415 ;;;;;; 225 ; 190 ; -   ;0;;
Aro 16;;;;;BICICLETA ARO 16 INFANTI LARANJA;451; 225 ; 226 ; 226 ;;;;;; -   ; 451 ;;;;;; -   ; 451 ;;;;;; -   ; 451 ;;;;;; -   ; 451 ;;;;;; 225 ; 226 ; -   ;0;;
Aro 16;BICICLETA DISNEY ARO 16;101250160000;;;BICICLETA ARO 16 PRINCESAS;0; -   ; -   ; -   ;;;;;; -   ; -   ;;;;;; -   ; -   ;;;;;; -   ; -   ;;;;;; -   ; -   ;;;;;; -   ; -   ; -   ;0;;
Aro 16;BICICLETA DISNEY ARO 16;101250160009;;;BICICLETA ARO 16 PRINCESAS 02;1215; 4 ; 1.211 ; 1.211 ;7,35%;8,75%;;;; -   ; 1.215 ;;;;;; -   ; 1.215 ;;;;;; -   ; 1.215 ;;;;;; -   ; 1.215 ;;;;;; 4 ; 1.211 ; -   ;0;;
Aro 16;BICICLETA ELIAN;101280160000;;;BICICLETA ARO 16 ELIAN;0; -   ; -   ; -   ;;;;;; -   ; -   ;;;;;; -   ; -   ;;;;;; -   ; -   ;;;;;; -   ; -   ;;;;;; -   ; -   ; -   ;0;;
Aro 16;BICICLETA NATHOR ARO 16;100130160014; ; ;BICICLETA ARO 16 EXTREME;0; -   ; -   ; -   ;;;;;; -   ; -   ;;;;;; -   ; -   ;;;;;; -   ; -   ;;;;;; -   ; -   ;;;;;; -   ; -   ; -   ;0;;
Aro 16;BICICLETA NATHOR ARO 16;100130160027;;;BICICLETA ARO 16 EXTREME 2;1923; 200 ; 1.723 ; 1.723 ;16,22%;12,45%;;;; -   ; 1.923 ;;;;;; -   ; 1.923 ;;;;;; -   ; 1.923 ;;;;;; -   ; 1.923 ;;;;;; 200 ; 1.723 ; -   ;0;;
Aro 16;BICICLETA NATHOR ARO 16;100130160022;;;BICICLETA ARO 16 LADY 2;0; -   ; -   ; -   ;;;;;; -   ; -   ;;;;;; -   ; -   ;;;;;; -   ; -   ;;;;;; -   ; -   ;;;;;; -   ; -   ; -   ;0;;
Aro 16;BICICLETA NATHOR ARO 16;100130160025;;;BICICLETA ARO 16 LADY 3;1063; 2 ; 1.061 ; 1.061 ;1,65%;7,66%;;;; -   ; 1.063 ;;;;;; -   ; 1.063 ;;;;;; -   ; 1.063 ;;;;;; -   ; 1.063 ;;;;;; 2 ; 1.061 ; -   ;0;;
Aro 16;BICICLETA NATHOR ARO 16;100130160020;;;BICICLETA ARO 16 PIXIE;0; -   ; -   ; -   ;;;;;; -   ; -   ;;;;;; -   ; -   ;;;;;; -   ; -   ;;;;;; -   ; -   ;;;;;; -   ; -   ; -   ;0;;
Aro 16;BICICLETA NATHOR ARO 16;100130160024;;;BICICLETA ARO 16 PIXIE 2;696; 4 ; 692 ; 692 ;4,77%;5,00%;;;; -   ; 696 ;;;;;; -   ; 696 ;;;;;; -   ; 696 ;;;;;; -   ; 696 ;;;;;; 4 ; 692 ; -   ;0;;
Aro 16;BICICLETA NATHOR ARO 16;101250160003;;;BICICLETA ARO 16 SPIDER MAN;0; -   ; -   ; -   ;;;;;; -   ; -   ;;;;;; -   ; -   ;;;;;; -   ; -   ;;;;;; -   ; -   ;;;;;; -   ; -   ; -   ;0;;
Aro 16;BICICLETA DISNEY ARO 16;101250160007;;;BICICLETA ARO 16 SPIDER MAN 02;1436; 189 ; 1.247 ; 1.247 ;14,88%;9,01%;;;; -   ; 1.436 ;;;;;; -   ; 1.436 ;;;;;; -   ; 1.436 ;;;;;; -   ; 1.436 ;;;;;; 189 ; 1.247 ; -   ;0;;
Aro 16;BICICLETA DISNEY ARO 16;101250160006;;;BICICLETA ARO 16 STITCH;0; -   ; -   ; -   ;;;;;; -   ; -   ;;;;;; -   ; -   ;;;;;; -   ; -   ;;;;;; -   ; -   ;;;;;; -   ; -   ; -   ;0;;
Aro 16;BICICLETA DISNEY ARO 16;101250160008;;;BICICLETA ARO 16 STITCH 02;0; 35 ;-35 ;-35 ;3,03%;-0,25%;;;; -   ; -   ;;;;;; -   ; -   ;;;;;; -   ; -   ;;;;;; -   ; -   ;;;;;; 35 ;-35 ; -   ;0;;
Aro 16;BICICLETA NATHOR ARO 16;100130160009; ; ;BICICLETA ARO 16 TECH BOYS 5;0; -   ; -   ; -   ;;;;;; -   ; -   ;;;;;; -   ; -   ;;;;;; -   ; -   ;;;;;; -   ; -   ;;;;;; -   ; -   ; -   ;0;;
Aro 16;BICICLETA NATHOR ARO 16;100130160028;;;BICICLETA ARO 16 TECH BOYS 6;1761; 98 ; 1.663 ; 1.663 ;17,66%;12,01%;;;; -   ; 1.761 ;;;;;; -   ; 1.761 ;;;;;; -   ; 1.761 ;;;;;; -   ; 1.761 ;;;;;; 98 ; 1.663 ; -   ;0;;
Aro 16;BICICLETA NATHOR ARO 16;100130160026;;;BICICLETA ARO 16 TOP GIRLS 6;1895; 165 ; 1.730 ; 1.730 ;18,08%;12,50%;;;; -   ; 1.895 ;;;;;; -   ; 1.895 ;;;;;; -   ; 1.895 ;;;;;; -   ; 1.895 ;;;;;; 165 ; 1.730 ; -   ;0;;
Aro 16;BICICLETA NATHOR ARO 16;100130160010; ; ;BICICLETA ARO 16 TOP GIRLS 5;0; -   ; -   ; -   ;;;;;; -   ; -   ;;;;;; -   ; -   ;;;;;; -   ; -   ;;;;;; -   ; -   ;;;;;; -   ; -   ; -   ;0;;
Aro 16;BICICLETA NATHOR ARO 16;;;;BICICLETA ARO 16 UNICORNIO;0; -   ; -   ; -   ;;0,00%;;;; -   ; -   ;;;;;; -   ; -   ;;;;;; -   ; -   ;;;;;; -   ; -   ;;;;;; -   ; -   ; -   ;0;;
Aro 20;BICICLETA NATHOR ARO 20;101200160010; ; ;BICICLETA ARO 20 ANTONELLA TEEN ROSA;67; 3 ; 64 ; 92 ;4,85%;5,99%;28;;; -   ; 95 ;;;;;; -   ; 95 ;;;;;; -   ; 95 ;;;;;; -   ; 95 ;;;;;; 3 ; 92 ; -   ;28;;
Aro 20;BICICLETA NATHOR ARO 20;101200160005; ; ;BICICLETA ARO 20 ANTONELLA TEEN VERDE;4; 7 ;-3 ;-3 ;4,57%;-0,20%;;;; -   ; 4 ;;;;;; -   ; 4 ;;;;;; -   ; 4 ;;;;;; -   ; 4 ;;;;;; 7 ;-3 ; -   ;0;;
Aro 20;BICICLETA NATHOR ARO 20;101200160003; ; ;BICICLETA ARO 20 APOLLO PRETO/LARANJ;584; 19 ; 565 ; 565 ;32,38%;36,76%;;;; -   ; 584 ;;;;;; -   ; 584 ;;;;;; -   ; 584 ;;;;;; -   ; 584 ;;;;;; 19 ; 565 ; -   ;0;;
Aro 20;BICICLETA DISNEY ARO 20;;;;BICICLETA ARO 20 BARBIE;32; 138 ;-106 ; 19 ;;;;;; -   ; 32 ;;;;;; -   ; 32 ;;;;;; -   ; 32 ;;;;;; -   ; 32 ;;125;;;; 138 ; 19 ; -   ;125;;
Aro 20;BICICLETA NATHOR ARO 20;101200160004; ; ;BICICLETA ARO 20 BELLA 02 ROSA/ROSA;524; 19 ; 505 ; 505 ;25,63%;32,86%;;;; -   ; 524 ;;;;;; -   ; 524 ;;;;;; -   ; 524 ;;;;;; -   ; 524 ;;;;;; 19 ; 505 ; -   ;0;;
Aro 20;BICICLETA NATHOR ARO 20;101200160009; ; ;BICICLETA ARO 20 BLADE;0; -   ; -   ; -   ;;0,00%;;;; -   ; -   ;;;;;; -   ; -   ;;;;;; -   ; -   ;;;;;; -   ; -   ;;;;;; -   ; -   ; -   ;0;;
Aro 20;BICICLETA NATHOR ARO 20;;;;BICICLETA ARO 20 BLADE GREEN;46; -   ; 46 ; 46 ;2,25%;2,99%;;;; -   ; 46 ;;;;;; -   ; 46 ;;;;;; -   ; 46 ;;;;;; -   ; 46 ;;;;;; -   ; 46 ; -   ;0;;
Aro 20;BICICLETA NATHOR ARO 20;101200160012;;;BICICLETA ARO 20 BOLT;45; 22 ; 23 ; 23 ;8,41%;1,50%;;;; -   ; 45 ;;;;;; -   ; 45 ;;;;;; -   ; 45 ;;;;;; -   ; 45 ;;;;;; 22 ; 23 ; -   ;0;;
Aro 20;BICICLETA DECATHLON ARO 20;101210160003; ; ;BICICLETA ARO 20 BTWIN MISTGIRL BR/AZUL;0; 101 ;-101 ; 99 ;;;;;; -   ; -   ;;;;;; -   ; -   ;;;;;; -   ; -   ;;;;;; -   ; -   ;;;150;50;; 101 ; 99 ; -   ;200;;
Aro 20;BICICLETA DECATHLON ARO 20;101210160008; ; ;BICICLETA ARO 20 BTWIN ORIGINAL 120 ROSA;275; 201 ; 74 ; 99 ;;;6;;; -   ; 281 ;;;;;; -   ; 281 ;;;;;; -   ; 281 ;;;;;; -   ; 281 ;19;;;;; 201 ; 99 ; -   ;25;;
Aro 20;BICICLETA DECATHLON ARO 20;101210160007; ; ;BICICLETA ARO 20 BTWIN ORIGINAL 500;80; 101 ;-21 ;-1 ;;;20;;; -   ; 100 ;;;;;; -   ; 100 ;;;;;; -   ; 100 ;;;;;; -   ; 100 ;;;;;; 101 ;-1 ; -   ;20;;
Aro 20;BICICLETA DECATHLON ARO 20;101210160000; ; ;BICICLETA ARO 20 BTWIN RACING BOY;0; 101 ;-101 ;-51 ;;;;;; -   ; -   ;;;;;; -   ; -   ;;;;;; -   ; -   ;;;;;; -   ; -   ;;;;;50; 101 ;-51 ; -   ;50;;
Aro 20;BICICLETA DECATHLON ARO 20;101210160009; ; ;BICICLETA ARO 20 BTWIN ST 120 MASC 2022;0; 1 ;-1 ;-1 ;;;;;; -   ; -   ;;;;;; -   ; -   ;;;;;; -   ; -   ;;;;;; -   ; -   ;;;;;; 1 ;-1 ; -   ;0;;
Aro 20;BICICLETA DECATHLON ARO 20;101210160010; ; ;BICICLETA ARO 20 BTWIN ST 500 MASC 2022;29; 1 ; 28 ; 28 ;;;;;; -   ; 29 ;;;;;; -   ; 29 ;;;;;; -   ; 29 ;;;;;; -   ; 29 ;;;;;; 1 ; 28 ; -   ;0;;
Aro 20;;100650160000;;;BICICLETA ARO 20 DIMITRI;0; -   ; -   ; -   ;;;;;; -   ; -   ;;;;;; -   ; -   ;;;;;; -   ; -   ;;;;;; -   ; -   ;;;;;; -   ; -   ; -   ;0;;
Aro 20;;100650160001;;;BICICLETA ARO 20 TRAPAÇA;0; -   ; -   ; -   ;;;;;; -   ; -   ;;;;;; -   ; -   ;;;;;; -   ; -   ;;;;;; -   ; -   ;;;;;; -   ; -   ; -   ;0;;
Aro 20;BICICLETA NATHOR ARO 20;101200160008; ; ;BICICLETA ARO 20 HARMONY;0; -   ; -   ; -   ;;0,00%;;;; -   ; -   ;;;;;; -   ; -   ;;;;;; -   ; -   ;;;;;; -   ; -   ;;;;;; -   ; -   ; -   ;0;;
Aro 20;BICICLETA NATHOR ARO 20;;;;BICICLETA ARO 20 HARMONY PINK;138; -   ; 138 ; 138 ;1,64%;8,98%;;;; -   ; 138 ;;;;;; -   ; 138 ;;;;;; -   ; 138 ;;;;;; -   ; 138 ;;;;;; -   ; 138 ; -   ;0;;
Aro 20;BICICLETA DISNEY ARO 20;101370160000;;;BICICLETA ARO 20 HOT WHEELS;24; 141 ;-117 ; 83 ;;5,40%;;;; -   ; 24 ;;;;;; -   ; 24 ;;;;;; -   ; 24 ;;;;;; -   ; 24 ;;;;100;100; 141 ; 83 ; -   ;200;;
Aro 20;;100610160000;;;BICICLETA ARO 20 INFANTI ROSA CLARO;1; -   ; 1 ; 1 ;;0,07%;;;; -   ; 1 ;;;;;; -   ; 1 ;;;;;; -   ; 1 ;;;;;; -   ; 1 ;;;;;; -   ; 1 ; -   ;0;;
Aro 20;;100610160001;;;BICICLETA ARO 20 INFANTI PT/LJ;0; -   ; -   ; -   ;;0,00%;;;; -   ; -   ;;;;;; -   ; -   ;;;;;; -   ; -   ;;;;;; -   ; -   ;;;;;; -   ; -   ; -   ;0;;
Aro 20;BICICLETA NATHOR ARO 20;101200160011;;;BICICLETA ARO 20 LOVELY;183; 12 ; 171 ; 171 ;20,26%;11,13%;;;; -   ; 183 ;;;;;; -   ; 183 ;;;;;; -   ; 183 ;;;;;; -   ; 183 ;;;;;; 12 ; 171 ; -   ;0;;
Aro 20;BICICLETA ARO 20 MOBHIS;100740160000;;;BICICLETA ARO 20 MOBHIS AZUL 5019;0; -   ; -   ; -   ;;;;;; -   ; -   ;;;;;; -   ; -   ;;;;;; -   ; -   ;;;;;; -   ; -   ;;;;;; -   ; -   ; -   ;0;;
Aro 24;BICICLETA ARO 24 NATHOR;100370160000; ; ;BICICLETA ARO 24 APOLLO;0; -   ; -   ; -   ;53,15%;0,00%;;;; -   ; -   ;;;;;; -   ; -   ;;;;;; -   ; -   ;;;;;; -   ; -   ;;;;;; -   ; -   ; -   ;0;;
Aro 24;BICICLETA ARO 24 NATHOR;100370160001; ; ;BICICLETA ARO 24 BELLA;0; -   ; -   ; -   ;46,85%;0,00%;;;; -   ; -   ;;;;;; -   ; -   ;;;;;; -   ; -   ;;;;;; -   ; -   ;;;;;; -   ; -   ; -   ;0;;
Aro 24;;100660160000;;;BICICLETA ARO 24 MUQUE;0; -   ; -   ; -   ;;;;;; -   ; -   ;;;;;; -   ; -   ;;;;;; -   ; -   ;;;;;; -   ; -   ;;;;;; -   ; -   ; -   ;0;;
Aro 26;BICICLETA ARO 26 NATHOR;100290160005; ; ;BICICLETA ARO 26 ANTHON AZUL;0; -   ; -   ; -   ;5,09%;0,00%;;;; -   ; -   ;;;;;; -   ; -   ;;;;;; -   ; -   ;;;;;; -   ; -   ;;;;;; -   ; -   ; -   ;0;;
Aro 26;BICICLETA ARO 26 NATHOR;100290160004; ; ;BICICLETA ARO 26 ANTHON CINZA;0; -   ; -   ; -   ;8,42%;0,00%;;;; -   ; -   ;;;;;; -   ; -   ;;;;;; -   ; -   ;;;;;; -   ; -   ;;;;;; -   ; -   ; -   ;0;;
Aro 26;BICICLETA ARO 26 NATHOR;100290160000; ; ;BICICLETA ARO 26 ANTONELLA PEROLA;0; 5 ;-5 ;-5 ;34,04%;-166,67%;;;; -   ; -   ;;;;;; -   ; -   ;;;;;; -   ; -   ;;;;;; -   ; -   ;;;;;; 5 ;-5 ; -   ;0;;
Aro 26;BICICLETA ARO 26 NATHOR;100290160001; ; ;BICICLETA ARO 26 ANTONELLA ROSA;3; 5 ;-2 ;-2 ;22,11%;-66,67%;;;; -   ; 3 ;;;;;; -   ; 3 ;;;;;; -   ; 3 ;;;;;; -   ; 3 ;;;;;; 5 ;-2 ; -   ;0;;
Aro 26;BICICLETA ARO 26 NATHOR;100290160002; ; ;BICICLETA ARO 26 ANTONELLA VERDE AQUA;15; 5 ; 10 ; 10 ;24,74%;333,33%;;;; -   ; 15 ;;;;;; -   ; 15 ;;;;;; -   ; 15 ;;;;;; -   ; 15 ;;;;;; 5 ; 10 ; -   ;0;;
Aro 26;BICICLETA ARO 26 DISNEY;;;;BICICLETA ARO 26 BARBIE;0; 3 ;-3 ;-3 ;;-100,00%;;;; -   ; -   ;;;;;; -   ; -   ;;;;;; -   ; -   ;;;;;; -   ; -   ;;;;;; 3 ;-3 ; -   ;0;;
Aro 26;BICICLETA ARO 26 NATHOR;100460160003;;;BICICLETA ARO 26 LIS CORAL PINK;0; -   ; -   ; -   ;2,63%;0,00%;;;; -   ; -   ;;;;;; -   ; -   ;;;;;; -   ; -   ;;;;;; -   ; -   ;;;;;; -   ; -   ; -   ;0;;
Aro 26;BICICLETA ARO 26 NATHOR;100460160002;;;BICICLETA ARO 26 LOUIS AZUL;3; -   ; 3 ; 3 ;2,98%;100,00%;;;; -   ; 3 ;;;;;; -   ; 3 ;;;;;; -   ; 3 ;;;;;; -   ; 3 ;;;;;; -   ; 3 ; -   ;0;;
Aro 26;BICICLETA ARO 26 MOBHIS;100360160004;;;BICICLETA ARO 26 MOBHIS AZUL 5019;0; -   ; -   ; -   ;;;;;; -   ; -   ;;;;;; -   ; -   ;;;;;; -   ; -   ;;;;;; -   ; -   ;;;;;; -   ; -   ; -   ;0;;
Aro 26;BICICLETA ARO 26 VETTER;100330160000;;;BICICLETA ARO 26 VETTER AMARELA;0; -   ; -   ; -   ;;;;;; -   ; -   ;;;;;; -   ; -   ;;;;;; -   ; -   ;;;;;; -   ; -   ;;;;;; -   ; -   ; -   ;0;;
Aro 29;BICICLETA ARO 29 NATHOR;100380160000; ; ;BICICLETA ARO 29 E3;0; -   ; -   ; -   ;;;;;; -   ; -   ;;;;;; -   ; -   ;;;;;; -   ; -   ;;;;;; -   ; -   ;;;;;; -   ; -   ; -   ;0;;
Balance;BALANCE BIKE NATHOR;;;;BICICLETA BALANCE BIKE ALEGRIA;0; -   ; -   ; -   ;;;;;; -   ; -   ;;;;;; -   ; -   ;;;;;; -   ; -   ;;;;;; -   ; -   ;;;;;; -   ; -   ; -   ;0;;
Balance;BALANCE CALOI;100930160002;;;BICICLETA BALANCE CALOI VERMELHA;0; -   ; -   ; -   ;;0,00%;;;; -   ; -   ;;;;;; -   ; -   ;;;;;; -   ; -   ;;;;;; -   ; -   ;;;;;; -   ; -   ; -   ;0;;
Balance;BALANCE CALOI;100930160007;;;BICICLETA BALANCE CALOI VERMELHA 02;2441; 340 ; 2.101 ; 2.101 ;9,51%;9,88%;;;; -   ; 2.441 ;;;;;; -   ; 2.441 ;;;;;; -   ; 2.441 ;;;;;; -   ; 2.441 ;;;;;; 340 ; 2.101 ; -   ;0;;
Balance;BALANCE BIKE NATHOR;100900160011;;;BICICLETA BALANCE BIKE FAST MOD 02;0; -   ; -   ; -   ;;0,00%;;;; -   ; -   ;;;;;; -   ; -   ;;;;;; -   ; -   ;;;;;; -   ; -   ;;;;;; -   ; -   ; -   ;0;;
Balance;BALANCE BIKE NATHOR;100900160015;;;BICICLETA BALANCE BIKE FAST MOD 3;2505; 208 ; 2.297 ; 2.297 ;10,22%;10,80%;;;; -   ; 2.505 ;;;;;; -   ; 2.505 ;;;;;; -   ; 2.505 ;;;;;; -   ; 2.505 ;;;;;; 208 ; 2.297 ; -   ;0;;
Balance;BALANCE BIKE NATHOR;100900160005; ; ;BICICLETA BALANCE BIKE FEMININA 02;0; -   ; -   ; -   ;;0,00%;;;; -   ; -   ;;;;;; -   ; -   ;;;;;; -   ; -   ;;;;;; -   ; -   ;;;;;; -   ; -   ; -   ;0;;
Balance;BALANCE BIKE NATHOR;100900160018;;;BICICLETA BALANCE BIKE FEMININA 3;2850; 263 ; 2.587 ; 3.817 ;18,95%;17,95%;;;; -   ; 2.850 ;;;;;; -   ; 2.850 ;;;;;; -   ; 2.850 ;;;;;; -   ; 2.850 ;;130;550;550;; 263 ; 3.817 ; -   ;1230;;
Balance;BALANCE BIKE DISNEY;100960160002;;;BICICLETA BALANCE CARROS;1094; 4 ; 1.090 ; 1.090 ;;5,13%;;;; -   ; 1.094 ;;;;;; -   ; 1.094 ;;;;;; -   ; 1.094 ;;;;;; -   ; 1.094 ;;;;;; 4 ; 1.090 ; -   ;0;;
Balance;BALANCE BIKE NATHOR;100900160014;;;BICICLETA BALANCE BIKE GARDEN FLY;0; 2 ;-2 ;-2 ;;-0,01%;;;; -   ; -   ;;;;;; -   ; -   ;;;;;; -   ; -   ;;;;;; -   ; -   ;;;;;; 2 ;-2 ; -   ;0;;
Balance;BALANCE BIKE NATHOR;100900160019;;;BICICLETA BALANCE BIKE GARDEN FLY 2;413; 1 ; 412 ; 412 ;0,93%;1,94%;;;; -   ; 413 ;;;;;; -   ; 413 ;;;;;; -   ; 413 ;;;;;; -   ; 413 ;;;;;; 1 ; 412 ; -   ;0;;
Balance;BALANCE BIKE NATHOR;100900160007; ; ;BICICLETA BALANCE BIKE LOVE;0; -   ; -   ; -   ;;0,00%;;;; -   ; -   ;;;;;; -   ; -   ;;;;;; -   ; -   ;;;;;; -   ; -   ;;;;;; -   ; -   ; -   ;0;;
Balance;BALANCE BIKE NATHOR;100900160020;;;BICICLETA BALANCE BIKE LOVE 2;2131; 105 ; 2.026 ; 2.026 ;8,04%;9,53%;;;; -   ; 2.131 ;;;;;; -   ; 2.131 ;;;;;; -   ; 2.131 ;;;;;; -   ; 2.131 ;;;;;; 105 ; 2.026 ; -   ;0;;
Balance;BALANCE BIKE NATHOR;100900160012;;;BICICLETA BALANCE BIKE MASCULINA MOD04;0; -   ; -   ; -   ;;0,00%;;;; -   ; -   ;;;;;; -   ; -   ;;;;;; -   ; -   ;;;;;; -   ; -   ;;;;;; -   ; -   ; -   ;0;;
Balance;BALANCE BIKE NATHOR;100900160016;;;BICICLETA BALANCE BIKE MASCULINA MOD 5;4439; 234 ; 4.205 ; 4.205 ;37,42%;19,77%;;;; -   ; 4.439 ;;;;;; -   ; 4.439 ;;;;;; -   ; 4.439 ;;;;;; -   ; 4.439 ;;;;;; 234 ; 4.205 ; -   ;0;;
Balance;BALANCE BIKE DISNEY;100960160001;;;BICICLETA BALANCE PRINCESAS;4; -   ; 4 ; 4 ;;0,02%;;;; -   ; 4 ;;;;;; -   ; 4 ;;;;;; -   ; 4 ;;;;;; -   ; 4 ;;;;;; -   ; 4 ; -   ;0;;
Balance;BALANCE BIKE DISNEY;100960160004;;;BICICLETA BALANCE PRINCESAS 02;1133; 103 ; 1.030 ; 1.030 ;2,76%;4,84%;;;; -   ; 1.133 ;;;;;; -   ; 1.133 ;;;;;; -   ; 1.133 ;;;;;; -   ; 1.133 ;;;;;; 103 ; 1.030 ; -   ;0;;
Balance;BALANCE BIKE NATHOR;100900160013;;;BICICLETA BALANCE BIKE ROCKET ASTRO;0; -   ; -   ; -   ;;0,00%;;;; -   ; -   ;;;;;; -   ; -   ;;;;;; -   ; -   ;;;;;; -   ; -   ;;;;;; -   ; -   ; -   ;0;;
Balance;BALANCE BIKE NATHOR;100900160017;;;BICICLETA BALANCE BIKE ROCKET ASTRO 2;228; 2 ; 226 ; 776 ;3,30%;3,65%;;;; -   ; 228 ;;;;;; -   ; 228 ;;;;;; -   ; 228 ;;;;;; -   ; 228 ;;;;;550; 2 ; 776 ; -   ;550;;
Balance;BALANCE CALOI;100930160003; ; ;BICICLETA BALANCE CECIZINHA MOD02;0; -   ; -   ; -   ;;0,00%;;;; -   ; -   ;;;;;; -   ; -   ;;;;;; -   ; -   ;;;;;; -   ; -   ;;;;;; -   ; -   ; -   ;0;;
Balance;BALANCE CALOI;100930160005;;;BICICLETA BALANCE CECIZINHA 03;806; 136 ; 670 ; 670 ;1,27%;3,15%;;;; -   ; 806 ;;;;;; -   ; 806 ;;;;;; -   ; 806 ;;;;;; -   ; 806 ;;;;;; 136 ; 670 ; -   ;0;;
Balance;BALANCE CALOI;100930160004;;;BICICLETA BALANCE POWER REX;0; -   ; -   ; -   ;;0,00%;;;; -   ; -   ;;;;;; -   ; -   ;;;;;; -   ; -   ;;;;;; -   ; -   ;;;;;; -   ; -   ; -   ;0;;
Balance;BALANCE CALOI;100930160006;;;BICICLETA BALANCE POWER REX 02;397; 68 ; 329 ; 329 ;0,77%;1,55%;;;; -   ; 397 ;;;;;; -   ; 397 ;;;;;; -   ; 397 ;;;;;; -   ; 397 ;;;;;; 68 ; 329 ; -   ;0;;
Balance;BALANCE BIKE DISNEY;100960160000;;;BICICLETA BALANCE SPIDER MAN;0; -   ; -   ; -   ;;0,00%;;;; -   ; -   ;;;;;; -   ; -   ;;;;;; -   ; -   ;;;;;; -   ; -   ;;;;;; -   ; -   ; -   ;0;;
Balance;BALANCE BIKE DISNEY;100960160003;;;BICICLETA BALANCE SPIDER MAN 02;2253; 273 ; 1.980 ; 2.060 ;6,82%;9,69%;80;;; -   ; 2.333 ;;;;;; -   ; 2.333 ;;;;;; -   ; 2.333 ;;;;;; -   ; 2.333 ;;;;;; 273 ; 2.060 ; -   ;80;;
Balance;BALANCE CALOI;100930160000; ; ;BICICLETA BALANCE ZIGBIM;0; -   ; -   ; -   ;;0,00%;;;; -   ; -   ;;;;;; -   ; -   ;;;;;; -   ; -   ;;;;;; -   ; -   ;;;;;; -   ; -   ; -   ;0;;
Balance;BALANCE DECATLHON;100910160012; ; ;BICICLETA BTWIN BALANCE 100 BRANCA;0; -   ; -   ; -   ;;;;;; -   ; -   ;;;;;; -   ; -   ;;;;;; -   ; -   ;;;;;; -   ; -   ;;;;;; -   ; -   ; -   ;0;;
Balance;BALANCE DECATLHON;100910160013;;;BICICLETA BTWIN BALANCE 100 AZ ESC/ROSA;0; -   ; -   ; -   ;;;;;; -   ; -   ;;;;;; -   ; -   ;;;;;; -   ; -   ;;;;;; -   ; -   ;;;;;; -   ; -   ; -   ;0;;
Balance;BALANCE DECATLHON;100910160010; ; ;BICICLETA BTWIN BALANCE AZUL/ROSA;0; -   ; -   ; -   ;;;;;; -   ; -   ;;;;;; -   ; -   ;;;;;; -   ; -   ;;;;;; -   ; -   ;;;;;; -   ; -   ; -   ;0;;
Balance;BALANCE DECATLHON;100910160009; ; ;BICICLETA BTWIN BALANCE LARANJA/PRETO;400; 1 ; 399 ; 399 ;;;;;; -   ; 400 ;;;;;; -   ; 400 ;;;;;; -   ; 400 ;;;;;; -   ; 400 ;;;;;; 1 ; 399 ; -   ;0;;
Balance;BALANCE DECATLHON;100910160008;;;BICICLETA BTWIN BALANCE RUN RIDE PT/VERD;0; -   ; -   ; -   ;;;;;; -   ; -   ;;;;;; -   ; -   ;;;;;; -   ; -   ;;;;;; -   ; -   ;;;;;; -   ; -   ; -   ;0;;
Balance;BALANCE DECATLHON;100910160014;;;BICICLETA BTWIN 100 PT/VERD 2022;0; 1 ;-1 ;-1 ;;;;;; -   ; -   ;;;;;; -   ; -   ;;;;;; -   ; -   ;;;;;; -   ; -   ;;;;;; 1 ;-1 ; -   ;0;;
Balance;BALANCE DECATLHON;100910160015;;;BICICLETA BTWIN 100 AZ ESC/ROSA 2022;0; -   ; -   ; -   ;;;;;; -   ; -   ;;;;;; -   ; -   ;;;;;; -   ; -   ;;;;;; -   ; -   ;;;;;; -   ; -   ; -   ;0;;
Balance;BALANCE DECATLHON;100910160024;;;BICICLETA RUN RIDE 100 ROSA;50; 1 ; 49 ; 49 ;;;;;; -   ; 50 ;;;;;; -   ; 50 ;;;;;; -   ; 50 ;;;;;; -   ; 50 ;;;;;; 1 ; 49 ; -   ;0;;
Balance;BALANCE DECATLHON;100910160017;;;BICICLETA BTWIN 500 ROSA /MARROM 2022;200; 1 ; 199 ; 199 ;;;;;; -   ; 200 ;;;;;; -   ; 200 ;;;;;; -   ; 200 ;;;;;; -   ; 200 ;;;;;; 1 ; 199 ; -   ;0;;
Balance;BALANCE DECATLHON;100910160016;;;BICICLETA BTWIN 500 AZUL CLARO /PT 2022;400; 1 ; 399 ; 399 ;;;;;; -   ; 400 ;;;;;; -   ; 400 ;;;;;; -   ; 400 ;;;;;; -   ; 400 ;;;;;; 1 ; 399 ; -   ;0;;
Balance;BALANCE DECATLHON;100910160019;;;BICICLETA RUN RIDE 900 AZUL/BRANCO;0; 1 ;-1 ;-1 ;;;;;; -   ; -   ;;;;;; -   ; -   ;;;;;; -   ; -   ;;;;;; -   ; -   ;;;;;; 1 ;-1 ; -   ;0;;
Balance;BALANCE DECATLHON;100910160018;;;BICICLETA RUN RIDE 900 AMARELO/PRETO;23; 23 ; -   ; -   ;;;;;; -   ; 23 ;;;;;; -   ; 23 ;;;;;; -   ; 23 ;;;;;; -   ; 23 ;;;;;; 23 ; -   ; -   ;0;;
Balance;BALANCE DECATLHON;100910160020;;;BICICLETA RUN RIDE 900 ROSA;0; 1 ;-1 ;-1 ;;;;;; -   ; -   ;;;;;; -   ; -   ;;;;;; -   ; -   ;;;;;; -   ; -   ;;;;;; 1 ;-1 ; -   ;0;;
Balance;BALANCE BIKE NATHOR;100970160002;;;BICICLETA BALANCE 12 RAIADA NATHOR LJ;0; -   ; -   ; -   ;;;;;; -   ; -   ;;;;;; -   ; -   ;;;;;; -   ; -   ;;;;;; -   ; -   ;;;;;; -   ; -   ; -   ;0;;
Balance;BALANCE BIKE NATHOR;100970160005;;;BICICLETA BALANCE 12 RAIADA NATHOR LJ 2;70; 9 ; 61 ; 61 ;15,28%;0,29%;;;; -   ; 70 ;;;;;; -   ; 70 ;;;;;; -   ; 70 ;;;;;; -   ; 70 ;;;;;; 9 ; 61 ; -   ;0;;
Balance;BALANCE BIKE NATHOR;100970160003;;;BICICLETA BALANCE 12 RAIADA LILAS;11; 2 ; 9 ; 9 ;10,90%;0,04%;;;; -   ; 11 ;;;;;; -   ; 11 ;;;;;; -   ; 11 ;;;;;; -   ; 11 ;;;;;; 2 ; 9 ; -   ;0;;
Balance;BALANCE BIKE NATHOR;100970160004;;;BICICLETA BALANCE 12 RAIADA LILAS 2;49; -   ; 49 ; 50 ;;;1;;; -   ; 50 ;;;;;; -   ; 50 ;;;;;; -   ; 50 ;;;;;; -   ; 50 ;;;;;; -   ; 50 ; -   ;1;;
Balance;BALANCE BIKE NATHOR;100970160001;;;BICICLETA BALANCE 12 RAIADA AZUL;0; -   ; -   ; -   ;;0,00%;;;; -   ; -   ;;;;;; -   ; -   ;;;;;; -   ; -   ;;;;;; -   ; -   ;;;;;; -   ; -   ; -   ;0;;
Balance;BALANCE BIKE NATHOR;100970160006;;;BICICLETA BALANCE 12 RAIADA AZUL 2;178; 2 ; 176 ; 226 ;43,80%;1,06%;;;; -   ; 178 ;;;;;; -   ; 178 ;;;;;; -   ; 178 ;;;;;; -   ; 178 ;;;25;25;; 2 ; 226 ; -   ;50;;
Balance;BALANCE BIKE NATHOR;100970160000;;;BICICLETA BALANCE 12 RAIADA ROSA;0; -   ; -   ; -   ;;0,00%;;;; -   ; -   ;;;;;; -   ; -   ;;;;;; -   ; -   ;;;;;; -   ; -   ;;;;;; -   ; -   ; -   ;0;;
Balance;BALANCE BIKE NATHOR;100970160007;;;BICICLETA BALANCE 12 RAIADA ROSA 2;168; 3 ; 165 ; 215 ;30,01%;1,01%;25;;; -   ; 193 ;;;;;; -   ; 193 ;;;;;; -   ; 193 ;;;;;; -   ; 193 ;;25;;;; 3 ; 215 ; -   ;50;;
Capacete;CAPACETE;100810160001;0005; ;CAPACETE NATHOR AZUL ESCURO / PRETO;239; 15 ; 224 ; 224 ;12,88%;13,27%;;;; -   ; 239 ;;;;;; -   ; 239 ;;;;;; -   ; 239 ;;;;;; -   ; 239 ;;;;;; 15 ; 224 ; -   ;0;;
Capacete;CAPACETE;100810160001;0062; ;CAPACETE NATHOR CORAL PINK / PRETO;41; -   ; 41 ; 41 ;2,84%;2,43%;;;; -   ; 41 ;;;;;; -   ; 41 ;;;;;; -   ; 41 ;;;;;; -   ; 41 ;;;;;; -   ; 41 ; -   ;0;;
Capacete;CAPACETE;100810160001;0001; ;CAPACETE NATHOR PRETO / PRETO;118; -   ; 118 ; 118 ;12,60%;6,99%;;;; -   ; 118 ;;;;;; -   ; 118 ;;;;;; -   ; 118 ;;;;;; -   ; 118 ;;;;;; -   ; 118 ; -   ;0;;
Capacete;CAPACETE;100810160001;0002; ;CAPACETE NATHOR ROSA ESCURO / PRETO;219; 35 ; 184 ; 184 ;18,40%;10,90%;;;; -   ; 219 ;;;;;; -   ; 219 ;;;;;; -   ; 219 ;;;;;; -   ; 219 ;;;;;; 35 ; 184 ; -   ;0;;
Capacete;CAPACETE;100810160001;0061; ;CAPACETE NATHOR TURQUEZA / PRETO;99; 2 ; 97 ; 97 ;2,72%;5,75%;;;; -   ; 99 ;;;;;; -   ; 99 ;;;;;; -   ; 99 ;;;;;; -   ; 99 ;;;;;; 2 ; 97 ; -   ;0;;
Capacete;DISNEY;100870160003;;;CAPACETE MINNIE;161; 18 ; 143 ; 143 ;;8,47%;;;; -   ; 161 ;;;;;; -   ; 161 ;;;;;; -   ; 161 ;;;;;; -   ; 161 ;;;;;; 18 ; 143 ; -   ;0;;
Capacete;DISNEY;100870160002;27;;CAPACETE PRINCESAS ROSA CLARO BEBE;217; 3 ; 214 ; 214 ;11,38%;12,68%;;;; -   ; 217 ;;;;;; -   ; 217 ;;;;;; -   ; 217 ;;;;;; -   ; 217 ;;;;;; 3 ; 214 ; -   ;0;;
Capacete;CAPACETE POLIPLAC;100830160000;0004; ;CAPACETE POLIPLAC VERMELHO;0; -   ; -   ; -   ;;;;;; -   ; -   ;;;;;; -   ; -   ;;;;;; -   ; -   ;;;;;; -   ; -   ;;;;;; -   ; -   ; -   ;0;;
Capacete;CAPACETE SHOW DA LUNA;100850160000; ; ;CAPACETE SHOW DA LUNA;0; -   ; -   ; -   ;;;;;; -   ; -   ;;;;;; -   ; -   ;;;;;; -   ; -   ;;;;;; -   ; -   ;;;;;; -   ; -   ; -   ;0;;
Capacete;DISNEY;100870160001;;;CAPACETE SPIDER MAN;117; 173 ;-56 ; 239 ;39,18%;14,16%;95;;; -   ; 212 ;;;;;; -   ; 212 ;;;;;; -   ; 212 ;;;;;; -   ; 212 ;;;100;100;; 173 ; 239 ; -   ;295;;
Capacete;DISNEY;100870160004;;;CAPACETE STITCH;132; 8 ; 124 ; 224 ;;13,27%;;;; -   ; 132 ;;;;;; -   ; 132 ;;;;;; -   ; 132 ;;;;;; -   ; 132 ;;;;;100; 8 ; 224 ; -   ;100;;
Capacete;DISNEY;100810160001;1001;;CAPACETE NATHOR UNICORNIO;204; -   ; 204 ; 204 ;;12,09%;;;; -   ; 204 ;;;;;; -   ; 204 ;;;;;; -   ; 204 ;;;;;; -   ; 204 ;;;;;; -   ; 204 ; -   ;0;;
Triciclo;TRICICLO NATHOR;100510160009; ; ;TRICICLO CHARM;0; -   ; -   ; -   ;;0,00%;;;; -   ; -   ;;;;;; -   ; -   ;;;;;; -   ; -   ;;;;;; -   ; -   ;;;;;; -   ; -   ; -   ;0;;
Triciclo;TRICICLO NATHOR;100510160016;;;TRICICLO HONEY BEE;620; 56 ; 564 ; 1.314 ;;9,39%;;;; -   ; 620 ;;;;;; -   ; 620 ;;;;;; -   ; 620 ;;;;;; -   ; 620 ;;;;;750; 56 ; 1.314 ; -   ;750;;
Triciclo;;;;;TRICICLO INFANTI AZUL;0; -   ; -   ; -   ;;0,00%;;;; -   ; -   ;;;;;; -   ; -   ;;;;;; -   ; -   ;;;;;; -   ; -   ;;;;;; -   ; -   ; -   ;0;;
Triciclo;;;;;TRICICLO INFANTI ROSA;0; -   ; -   ; -   ;;0,00%;;;; -   ; -   ;;;;;; -   ; -   ;;;;;; -   ; -   ;;;;;; -   ; -   ;;;;;; -   ; -   ; -   ;0;;
Triciclo;TRICICLO DISNEY;100580160002;;;TRICICLO PRINCESAS;2; 229 ;-227 ; 523 ;3,16%;3,74%;;;; -   ; 2 ;;;;;; -   ; 2 ;;;;;; -   ; 2 ;;;;;; -   ; 2 ;;;750;;; 229 ; 523 ; -   ;750;;
Triciclo;TRICICLO DISNEY;100580160003;;;TRICICLO SPIDER MAN;137; 45 ; 92 ; 842 ;3,66%;6,02%;;;; -   ; 137 ;;;;;; -   ; 137 ;;;;;; -   ; 137 ;;;;;; -   ; 137 ;;;;750;; 45 ; 842 ; -   ;750;;
Triciclo;TRICICLO NATHOR;100510160014;;;TRICICLO KIDS 4 2023;0; -   ; -   ; -   ;;0,00%;;;; -   ; -   ;;;;;; -   ; -   ;;;;;; -   ; -   ;;;;;; -   ; -   ;;;;;; -   ; -   ; -   ;0;;
Triciclo;TRICICLO NATHOR;100510160017;;;TRICICLO KIDS 5;82; 148 ;-66 ; 1.437 ;9,46%;10,27%;753;;; -   ; 835 ;;;;;; -   ; 835 ;;;;;; -   ; 835 ;;;;;; -   ; 835 ;;750;;;; 148 ; 1.437 ; -   ;1503;;
Triciclo;TRICICLO NATHOR;100510160015;;;TRICICLO YOU 3 BOY 2023;5262; 170 ; 5.092 ; 5.164 ;35,73%;36,89%;72;;; -   ; 5.334 ;;;;;; -   ; 5.334 ;;;;;; -   ; 5.334 ;;;;;; -   ; 5.334 ;;;;;; 170 ; 5.164 ; -   ;72;;
Triciclo;TRICICLO NATHOR;100510160012; ; ;TRICICLO YOU 3 GIRL 2020;5026; 309 ; 4.717 ; 4.717 ;40,71%;33,70%;;;; -   ; 5.026 ;;;;;; -   ; 5.026 ;;;;;; -   ; 5.026 ;;;;;; -   ; 5.026 ;;;;;; 309 ; 4.717 ; -   ;0;;
Triciclo;TRICICLO FW;100550160002; ; ;TRICICLO FEELCLEAN 2;0; -   ; -   ; -   ;;0,00%;;;; -   ; -   ;;;;;; -   ; -   ;;;;;; -   ; -   ;;;;;; -   ; -   ;;;;;; -   ; -   ; -   ;0;;
Triciclo;TRICICLO FW;100550160001;;;TRICICLO PIQUITUCHO;0; -   ; -   ; -   ;;0,00%;;;; -   ; -   ;;;;;; -   ; -   ;;;;;; -   ; -   ;;;;;; -   ; -   ;;;;;; -   ; -   ; -   ;0;;
Suporte;SUPORTE NATHOR;101300160000;;;SUPORTE DE PAREDE ARO 26/29 PRETO;43; -   ; 43 ; 43 ;;;;;; -   ; 43 ;;;;;; -   ; 43 ;;;;;; -   ; 43 ;;;;;; -   ; 43 ;;;;;; -   ; 43 ; -   ;0;;
Suporte;RETROVISOR NATHOR;101140160012;;;RETROVISOR PARA BICICLETA;72; -   ; 72 ; 72 ;;;;;; -   ; 72 ;;;;;; -   ; 72 ;;;;;; -   ; 72 ;;;;;; -   ; 72 ;;;;;; -   ; 72 ; -   ;0;;
;;;;;;;;;;;;;;;;;;;;;;;;;;;;;;;;;;;;;;;;;;;;;;;;
